posPacmanX,posPacmanY,directionPacman,directionGhost1,directionGhost2,directionGhost3,directionGhost4, distanceGhosts1,directionGhost2,directionGhost3,directionGhost4,walls_flattened,wallDimensionsX,wallDimensionsY,posGhost1X,posGhost1Y,posGhost2X,posGhost2Y,posGhost3X,posGhost3Y,posGhost4X,posGhost4Y,legalNorth,legalSouth,legalEast,legalWest,legalStop,livingGhost1,livingGhost2,livingGhost3,livingGhost4,foodFlattened,score
12,10,Stop,None,None,None,None,11,None,None,None,TTTTTTTTTTTTTTTTTTTTTFFFFFFFFFFFFFFFFFFTTFFFFFFFFFFFFFFFFFFTTFFFFFFFFFFFFFFFFFFTTFFFFFFFFFFFFFFFFFFTTTTTTTFFFFFFFFFFFFFTTFFFFFFFFFFFFFFFFFFTTFFFFFFFFFFFFFFFFFFTTFFFFFFFFFFFFFFFFFFTTFFFFFFFFFFFFFFFFFFTTFFFFFFFFFFFFFFFFFFTTFFFFFFFFFFFFFFFFFFTTFFFFFFFFFFFFFFFFFFTTTTTTTTTTTTTTTTTTTTTTFTFTFTFTTTTTTTTTTTTTTTTTTTTTTTTTTTTTTTT,20,16,5,6,5,12,13,6,13,12,True,True,True,True,True,True,True,True,True,FFFFFFFFFFFFFFFFFFFFFFFFFFFFFFFFFFFFFFFFFFFFFFFFFFFFFFFFFFFFFFFFFFFFFFFFFFFFFFFFFFFFFFFFFFFFFFFFFFFFFFFFFFFFFFFFFFFFFFFFFFFFFFFFFFFFFFFFFFTFFFFFFFFFFFFFFFFFFFFFFFFFFFFFFFFFFFFFFFFFFFFFFFFFFFFFFFFFFFFFFFFFFFFFFFFFFFFFFFFFFFFFFFFFFFFFFFFFFFFFFFFFFFFFFFFFFFFFFFFFFFFFFFFFFFFFFFFFFFFFFFFFFFFFFFFFFFFFFFFFFFFFFFFFFFFFFFFFFFFF,0,
11,10,West,Stop,Stop,Stop,Stop,10,Stop,Stop,Stop,TTTTTTTTTTTTTTTTTTTTTFFFFFFFFFFFFFFFFFFTTFFFFFFFFFFFFFFFFFFTTFFFFFFFFFFFFFFFFFFTTFFFFFFFFFFFFFFFFFFTTTTTTTFFFFFFFFFFFFFTTFFFFFFFFFFFFFFFFFFTTFFFFFFFFFFFFFFFFFFTTFFFFFFFFFFFFFFFFFFTTFFFFFFFFFFFFFFFFFFTTFFFFFFFFFFFFFFFFFFTTFFFFFFFFFFFFFFFFFFTTFFFFFFFFFFFFFFFFFFTTTTTTTTTTTTTTTTTTTTTTFTFTFTFTTTTTTTTTTTTTTTTTTTTTTTTTTTTTTTT,20,16,5,6,5,12,13,6,13,12,True,True,True,True,True,True,True,True,True,FFFFFFFFFFFFFFFFFFFFFFFFFFFFFFFFFFFFFFFFFFFFFFFFFFFFFFFFFFFFFFFFFFFFFFFFFFFFFFFFFFFFFFFFFFFFFFFFFFFFFFFFFFFFFFFFFFFFFFFFFFFFFFFFFFFFFFFFFFTFFFFFFFFFFFFFFFFFFFFFFFFFFFFFFFFFFFFFFFFFFFFFFFFFFFFFFFFFFFFFFFFFFFFFFFFFFFFFFFFFFFFFFFFFFFFFFFFFFFFFFFFFFFFFFFFFFFFFFFFFFFFFFFFFFFFFFFFFFFFFFFFFFFFFFFFFFFFFFFFFFFFFFFFFFFFFFFFFFFFF,-1,
12,10,East,Stop,Stop,Stop,Stop,11,Stop,Stop,Stop,TTTTTTTTTTTTTTTTTTTTTFFFFFFFFFFFFFFFFFFTTFFFFFFFFFFFFFFFFFFTTFFFFFFFFFFFFFFFFFFTTFFFFFFFFFFFFFFFFFFTTTTTTTFFFFFFFFFFFFFTTFFFFFFFFFFFFFFFFFFTTFFFFFFFFFFFFFFFFFFTTFFFFFFFFFFFFFFFFFFTTFFFFFFFFFFFFFFFFFFTTFFFFFFFFFFFFFFFFFFTTFFFFFFFFFFFFFFFFFFTTFFFFFFFFFFFFFFFFFFTTTTTTTTTTTTTTTTTTTTTTFTFTFTFTTTTTTTTTTTTTTTTTTTTTTTTTTTTTTTT,20,16,5,6,5,12,13,6,13,12,True,True,True,True,True,True,True,True,True,FFFFFFFFFFFFFFFFFFFFFFFFFFFFFFFFFFFFFFFFFFFFFFFFFFFFFFFFFFFFFFFFFFFFFFFFFFFFFFFFFFFFFFFFFFFFFFFFFFFFFFFFFFFFFFFFFFFFFFFFFFFFFFFFFFFFFFFFFFTFFFFFFFFFFFFFFFFFFFFFFFFFFFFFFFFFFFFFFFFFFFFFFFFFFFFFFFFFFFFFFFFFFFFFFFFFFFFFFFFFFFFFFFFFFFFFFFFFFFFFFFFFFFFFFFFFFFFFFFFFFFFFFFFFFFFFFFFFFFFFFFFFFFFFFFFFFFFFFFFFFFFFFFFFFFFFFFFFFFFF,-2,
13,10,East,Stop,Stop,Stop,Stop,12,Stop,Stop,Stop,TTTTTTTTTTTTTTTTTTTTTFFFFFFFFFFFFFFFFFFTTFFFFFFFFFFFFFFFFFFTTFFFFFFFFFFFFFFFFFFTTFFFFFFFFFFFFFFFFFFTTTTTTTFFFFFFFFFFFFFTTFFFFFFFFFFFFFFFFFFTTFFFFFFFFFFFFFFFFFFTTFFFFFFFFFFFFFFFFFFTTFFFFFFFFFFFFFFFFFFTTFFFFFFFFFFFFFFFFFFTTFFFFFFFFFFFFFFFFFFTTFFFFFFFFFFFFFFFFFFTTTTTTTTTTTTTTTTTTTTTTFTFTFTFTTTTTTTTTTTTTTTTTTTTTTTTTTTTTTTT,20,16,5,6,5,12,13,6,13,12,True,True,True,True,True,True,True,True,True,FFFFFFFFFFFFFFFFFFFFFFFFFFFFFFFFFFFFFFFFFFFFFFFFFFFFFFFFFFFFFFFFFFFFFFFFFFFFFFFFFFFFFFFFFFFFFFFFFFFFFFFFFFFFFFFFFFFFFFFFFFFFFFFFFFFFFFFFFFTFFFFFFFFFFFFFFFFFFFFFFFFFFFFFFFFFFFFFFFFFFFFFFFFFFFFFFFFFFFFFFFFFFFFFFFFFFFFFFFFFFFFFFFFFFFFFFFFFFFFFFFFFFFFFFFFFFFFFFFFFFFFFFFFFFFFFFFFFFFFFFFFFFFFFFFFFFFFFFFFFFFFFFFFFFFFFFFFFFFFF,-3,
13,9,South,Stop,Stop,Stop,Stop,11,Stop,Stop,Stop,TTTTTTTTTTTTTTTTTTTTTFFFFFFFFFFFFFFFFFFTTFFFFFFFFFFFFFFFFFFTTFFFFFFFFFFFFFFFFFFTTFFFFFFFFFFFFFFFFFFTTTTTTTFFFFFFFFFFFFFTTFFFFFFFFFFFFFFFFFFTTFFFFFFFFFFFFFFFFFFTTFFFFFFFFFFFFFFFFFFTTFFFFFFFFFFFFFFFFFFTTFFFFFFFFFFFFFFFFFFTTFFFFFFFFFFFFFFFFFFTTFFFFFFFFFFFFFFFFFFTTTTTTTTTTTTTTTTTTTTTTFTFTFTFTTTTTTTTTTTTTTTTTTTTTTTTTTTTTTTT,20,16,5,6,5,12,13,6,13,12,True,True,True,True,True,True,True,True,True,FFFFFFFFFFFFFFFFFFFFFFFFFFFFFFFFFFFFFFFFFFFFFFFFFFFFFFFFFFFFFFFFFFFFFFFFFFFFFFFFFFFFFFFFFFFFFFFFFFFFFFFFFFFFFFFFFFFFFFFFFFFFFFFFFFFFFFFFFFTFFFFFFFFFFFFFFFFFFFFFFFFFFFFFFFFFFFFFFFFFFFFFFFFFFFFFFFFFFFFFFFFFFFFFFFFFFFFFFFFFFFFFFFFFFFFFFFFFFFFFFFFFFFFFFFFFFFFFFFFFFFFFFFFFFFFFFFFFFFFFFFFFFFFFFFFFFFFFFFFFFFFFFFFFFFFFFFFFFFFF,-4,
14,9,East,Stop,Stop,Stop,Stop,12,Stop,Stop,Stop,TTTTTTTTTTTTTTTTTTTTTFFFFFFFFFFFFFFFFFFTTFFFFFFFFFFFFFFFFFFTTFFFFFFFFFFFFFFFFFFTTFFFFFFFFFFFFFFFFFFTTTTTTTFFFFFFFFFFFFFTTFFFFFFFFFFFFFFFFFFTTFFFFFFFFFFFFFFFFFFTTFFFFFFFFFFFFFFFFFFTTFFFFFFFFFFFFFFFFFFTTFFFFFFFFFFFFFFFFFFTTFFFFFFFFFFFFFFFFFFTTFFFFFFFFFFFFFFFFFFTTTTTTTTTTTTTTTTTTTTTTFTFTFTFTTTTTTTTTTTTTTTTTTTTTTTTTTTTTTTT,20,16,5,6,5,12,13,6,13,12,True,True,True,True,True,True,True,True,True,FFFFFFFFFFFFFFFFFFFFFFFFFFFFFFFFFFFFFFFFFFFFFFFFFFFFFFFFFFFFFFFFFFFFFFFFFFFFFFFFFFFFFFFFFFFFFFFFFFFFFFFFFFFFFFFFFFFFFFFFFFFFFFFFFFFFFFFFFFTFFFFFFFFFFFFFFFFFFFFFFFFFFFFFFFFFFFFFFFFFFFFFFFFFFFFFFFFFFFFFFFFFFFFFFFFFFFFFFFFFFFFFFFFFFFFFFFFFFFFFFFFFFFFFFFFFFFFFFFFFFFFFFFFFFFFFFFFFFFFFFFFFFFFFFFFFFFFFFFFFFFFFFFFFFFFFFFFFFFFF,-5,
14,10,North,Stop,Stop,Stop,Stop,13,Stop,Stop,Stop,TTTTTTTTTTTTTTTTTTTTTFFFFFFFFFFFFFFFFFFTTFFFFFFFFFFFFFFFFFFTTFFFFFFFFFFFFFFFFFFTTFFFFFFFFFFFFFFFFFFTTTTTTTFFFFFFFFFFFFFTTFFFFFFFFFFFFFFFFFFTTFFFFFFFFFFFFFFFFFFTTFFFFFFFFFFFFFFFFFFTTFFFFFFFFFFFFFFFFFFTTFFFFFFFFFFFFFFFFFFTTFFFFFFFFFFFFFFFFFFTTFFFFFFFFFFFFFFFFFFTTTTTTTTTTTTTTTTTTTTTTFTFTFTFTTTTTTTTTTTTTTTTTTTTTTTTTTTTTTTT,20,16,5,6,5,12,13,6,13,12,True,True,True,True,True,True,True,True,True,FFFFFFFFFFFFFFFFFFFFFFFFFFFFFFFFFFFFFFFFFFFFFFFFFFFFFFFFFFFFFFFFFFFFFFFFFFFFFFFFFFFFFFFFFFFFFFFFFFFFFFFFFFFFFFFFFFFFFFFFFFFFFFFFFFFFFFFFFFTFFFFFFFFFFFFFFFFFFFFFFFFFFFFFFFFFFFFFFFFFFFFFFFFFFFFFFFFFFFFFFFFFFFFFFFFFFFFFFFFFFFFFFFFFFFFFFFFFFFFFFFFFFFFFFFFFFFFFFFFFFFFFFFFFFFFFFFFFFFFFFFFFFFFFFFFFFFFFFFFFFFFFFFFFFFFFFFFFFFFF,-6,
13,10,West,Stop,Stop,Stop,Stop,12,Stop,Stop,Stop,TTTTTTTTTTTTTTTTTTTTTFFFFFFFFFFFFFFFFFFTTFFFFFFFFFFFFFFFFFFTTFFFFFFFFFFFFFFFFFFTTFFFFFFFFFFFFFFFFFFTTTTTTTFFFFFFFFFFFFFTTFFFFFFFFFFFFFFFFFFTTFFFFFFFFFFFFFFFFFFTTFFFFFFFFFFFFFFFFFFTTFFFFFFFFFFFFFFFFFFTTFFFFFFFFFFFFFFFFFFTTFFFFFFFFFFFFFFFFFFTTFFFFFFFFFFFFFFFFFFTTTTTTTTTTTTTTTTTTTTTTFTFTFTFTTTTTTTTTTTTTTTTTTTTTTTTTTTTTTTT,20,16,5,6,5,12,13,6,13,12,True,True,True,True,True,True,True,True,True,FFFFFFFFFFFFFFFFFFFFFFFFFFFFFFFFFFFFFFFFFFFFFFFFFFFFFFFFFFFFFFFFFFFFFFFFFFFFFFFFFFFFFFFFFFFFFFFFFFFFFFFFFFFFFFFFFFFFFFFFFFFFFFFFFFFFFFFFFFTFFFFFFFFFFFFFFFFFFFFFFFFFFFFFFFFFFFFFFFFFFFFFFFFFFFFFFFFFFFFFFFFFFFFFFFFFFFFFFFFFFFFFFFFFFFFFFFFFFFFFFFFFFFFFFFFFFFFFFFFFFFFFFFFFFFFFFFFFFFFFFFFFFFFFFFFFFFFFFFFFFFFFFFFFFFFFFFFFFFFF,-7,
13,9,South,Stop,Stop,Stop,Stop,11,Stop,Stop,Stop,TTTTTTTTTTTTTTTTTTTTTFFFFFFFFFFFFFFFFFFTTFFFFFFFFFFFFFFFFFFTTFFFFFFFFFFFFFFFFFFTTFFFFFFFFFFFFFFFFFFTTTTTTTFFFFFFFFFFFFFTTFFFFFFFFFFFFFFFFFFTTFFFFFFFFFFFFFFFFFFTTFFFFFFFFFFFFFFFFFFTTFFFFFFFFFFFFFFFFFFTTFFFFFFFFFFFFFFFFFFTTFFFFFFFFFFFFFFFFFFTTFFFFFFFFFFFFFFFFFFTTTTTTTTTTTTTTTTTTTTTTFTFTFTFTTTTTTTTTTTTTTTTTTTTTTTTTTTTTTTT,20,16,5,6,5,12,13,6,13,12,True,True,True,True,True,True,True,True,True,FFFFFFFFFFFFFFFFFFFFFFFFFFFFFFFFFFFFFFFFFFFFFFFFFFFFFFFFFFFFFFFFFFFFFFFFFFFFFFFFFFFFFFFFFFFFFFFFFFFFFFFFFFFFFFFFFFFFFFFFFFFFFFFFFFFFFFFFFFTFFFFFFFFFFFFFFFFFFFFFFFFFFFFFFFFFFFFFFFFFFFFFFFFFFFFFFFFFFFFFFFFFFFFFFFFFFFFFFFFFFFFFFFFFFFFFFFFFFFFFFFFFFFFFFFFFFFFFFFFFFFFFFFFFFFFFFFFFFFFFFFFFFFFFFFFFFFFFFFFFFFFFFFFFFFFFFFFFFFFF,-8,
13,8,South,Stop,Stop,Stop,Stop,10,Stop,Stop,Stop,TTTTTTTTTTTTTTTTTTTTTFFFFFFFFFFFFFFFFFFTTFFFFFFFFFFFFFFFFFFTTFFFFFFFFFFFFFFFFFFTTFFFFFFFFFFFFFFFFFFTTTTTTTFFFFFFFFFFFFFTTFFFFFFFFFFFFFFFFFFTTFFFFFFFFFFFFFFFFFFTTFFFFFFFFFFFFFFFFFFTTFFFFFFFFFFFFFFFFFFTTFFFFFFFFFFFFFFFFFFTTFFFFFFFFFFFFFFFFFFTTFFFFFFFFFFFFFFFFFFTTTTTTTTTTTTTTTTTTTTTTFTFTFTFTTTTTTTTTTTTTTTTTTTTTTTTTTTTTTTT,20,16,5,6,5,12,13,6,13,12,True,True,True,True,True,True,True,True,True,FFFFFFFFFFFFFFFFFFFFFFFFFFFFFFFFFFFFFFFFFFFFFFFFFFFFFFFFFFFFFFFFFFFFFFFFFFFFFFFFFFFFFFFFFFFFFFFFFFFFFFFFFFFFFFFFFFFFFFFFFFFFFFFFFFFFFFFFFFTFFFFFFFFFFFFFFFFFFFFFFFFFFFFFFFFFFFFFFFFFFFFFFFFFFFFFFFFFFFFFFFFFFFFFFFFFFFFFFFFFFFFFFFFFFFFFFFFFFFFFFFFFFFFFFFFFFFFFFFFFFFFFFFFFFFFFFFFFFFFFFFFFFFFFFFFFFFFFFFFFFFFFFFFFFFFFFFFFFFFF,-9,
13,7,South,Stop,Stop,Stop,Stop,9,Stop,Stop,Stop,TTTTTTTTTTTTTTTTTTTTTFFFFFFFFFFFFFFFFFFTTFFFFFFFFFFFFFFFFFFTTFFFFFFFFFFFFFFFFFFTTFFFFFFFFFFFFFFFFFFTTTTTTTFFFFFFFFFFFFFTTFFFFFFFFFFFFFFFFFFTTFFFFFFFFFFFFFFFFFFTTFFFFFFFFFFFFFFFFFFTTFFFFFFFFFFFFFFFFFFTTFFFFFFFFFFFFFFFFFFTTFFFFFFFFFFFFFFFFFFTTFFFFFFFFFFFFFFFFFFTTTTTTTTTTTTTTTTTTTTTTFTFTFTFTTTTTTTTTTTTTTTTTTTTTTTTTTTTTTTT,20,16,5,6,5,12,13,6,13,12,True,True,True,True,True,True,True,True,True,FFFFFFFFFFFFFFFFFFFFFFFFFFFFFFFFFFFFFFFFFFFFFFFFFFFFFFFFFFFFFFFFFFFFFFFFFFFFFFFFFFFFFFFFFFFFFFFFFFFFFFFFFFFFFFFFFFFFFFFFFFFFFFFFFFFFFFFFFFTFFFFFFFFFFFFFFFFFFFFFFFFFFFFFFFFFFFFFFFFFFFFFFFFFFFFFFFFFFFFFFFFFFFFFFFFFFFFFFFFFFFFFFFFFFFFFFFFFFFFFFFFFFFFFFFFFFFFFFFFFFFFFFFFFFFFFFFFFFFFFFFFFFFFFFFFFFFFFFFFFFFFFFFFFFFFFFFFFFFFF,-10,
13,8,North,Stop,Stop,Stop,Stop,10,Stop,Stop,Stop,TTTTTTTTTTTTTTTTTTTTTFFFFFFFFFFFFFFFFFFTTFFFFFFFFFFFFFFFFFFTTFFFFFFFFFFFFFFFFFFTTFFFFFFFFFFFFFFFFFFTTTTTTTFFFFFFFFFFFFFTTFFFFFFFFFFFFFFFFFFTTFFFFFFFFFFFFFFFFFFTTFFFFFFFFFFFFFFFFFFTTFFFFFFFFFFFFFFFFFFTTFFFFFFFFFFFFFFFFFFTTFFFFFFFFFFFFFFFFFFTTFFFFFFFFFFFFFFFFFFTTTTTTTTTTTTTTTTTTTTTTFTFTFTFTTTTTTTTTTTTTTTTTTTTTTTTTTTTTTTT,20,16,5,6,5,12,13,6,13,12,True,True,True,True,True,True,True,True,True,FFFFFFFFFFFFFFFFFFFFFFFFFFFFFFFFFFFFFFFFFFFFFFFFFFFFFFFFFFFFFFFFFFFFFFFFFFFFFFFFFFFFFFFFFFFFFFFFFFFFFFFFFFFFFFFFFFFFFFFFFFFFFFFFFFFFFFFFFFTFFFFFFFFFFFFFFFFFFFFFFFFFFFFFFFFFFFFFFFFFFFFFFFFFFFFFFFFFFFFFFFFFFFFFFFFFFFFFFFFFFFFFFFFFFFFFFFFFFFFFFFFFFFFFFFFFFFFFFFFFFFFFFFFFFFFFFFFFFFFFFFFFFFFFFFFFFFFFFFFFFFFFFFFFFFFFFFFFFFFF,-11,
14,8,East,Stop,Stop,Stop,Stop,11,Stop,Stop,Stop,TTTTTTTTTTTTTTTTTTTTTFFFFFFFFFFFFFFFFFFTTFFFFFFFFFFFFFFFFFFTTFFFFFFFFFFFFFFFFFFTTFFFFFFFFFFFFFFFFFFTTTTTTTFFFFFFFFFFFFFTTFFFFFFFFFFFFFFFFFFTTFFFFFFFFFFFFFFFFFFTTFFFFFFFFFFFFFFFFFFTTFFFFFFFFFFFFFFFFFFTTFFFFFFFFFFFFFFFFFFTTFFFFFFFFFFFFFFFFFFTTFFFFFFFFFFFFFFFFFFTTTTTTTTTTTTTTTTTTTTTTFTFTFTFTTTTTTTTTTTTTTTTTTTTTTTTTTTTTTTT,20,16,5,6,5,12,13,6,13,12,True,True,True,True,True,True,True,True,True,FFFFFFFFFFFFFFFFFFFFFFFFFFFFFFFFFFFFFFFFFFFFFFFFFFFFFFFFFFFFFFFFFFFFFFFFFFFFFFFFFFFFFFFFFFFFFFFFFFFFFFFFFFFFFFFFFFFFFFFFFFFFFFFFFFFFFFFFFFTFFFFFFFFFFFFFFFFFFFFFFFFFFFFFFFFFFFFFFFFFFFFFFFFFFFFFFFFFFFFFFFFFFFFFFFFFFFFFFFFFFFFFFFFFFFFFFFFFFFFFFFFFFFFFFFFFFFFFFFFFFFFFFFFFFFFFFFFFFFFFFFFFFFFFFFFFFFFFFFFFFFFFFFFFFFFFFFFFFFFF,-12,
14,9,North,Stop,Stop,Stop,Stop,12,Stop,Stop,Stop,TTTTTTTTTTTTTTTTTTTTTFFFFFFFFFFFFFFFFFFTTFFFFFFFFFFFFFFFFFFTTFFFFFFFFFFFFFFFFFFTTFFFFFFFFFFFFFFFFFFTTTTTTTFFFFFFFFFFFFFTTFFFFFFFFFFFFFFFFFFTTFFFFFFFFFFFFFFFFFFTTFFFFFFFFFFFFFFFFFFTTFFFFFFFFFFFFFFFFFFTTFFFFFFFFFFFFFFFFFFTTFFFFFFFFFFFFFFFFFFTTFFFFFFFFFFFFFFFFFFTTTTTTTTTTTTTTTTTTTTTTFTFTFTFTTTTTTTTTTTTTTTTTTTTTTTTTTTTTTTT,20,16,5,6,5,12,13,6,13,12,True,True,True,True,True,True,True,True,True,FFFFFFFFFFFFFFFFFFFFFFFFFFFFFFFFFFFFFFFFFFFFFFFFFFFFFFFFFFFFFFFFFFFFFFFFFFFFFFFFFFFFFFFFFFFFFFFFFFFFFFFFFFFFFFFFFFFFFFFFFFFFFFFFFFFFFFFFFFTFFFFFFFFFFFFFFFFFFFFFFFFFFFFFFFFFFFFFFFFFFFFFFFFFFFFFFFFFFFFFFFFFFFFFFFFFFFFFFFFFFFFFFFFFFFFFFFFFFFFFFFFFFFFFFFFFFFFFFFFFFFFFFFFFFFFFFFFFFFFFFFFFFFFFFFFFFFFFFFFFFFFFFFFFFFFFFFFFFFFF,-13,
14,10,North,Stop,Stop,Stop,Stop,13,Stop,Stop,Stop,TTTTTTTTTTTTTTTTTTTTTFFFFFFFFFFFFFFFFFFTTFFFFFFFFFFFFFFFFFFTTFFFFFFFFFFFFFFFFFFTTFFFFFFFFFFFFFFFFFFTTTTTTTFFFFFFFFFFFFFTTFFFFFFFFFFFFFFFFFFTTFFFFFFFFFFFFFFFFFFTTFFFFFFFFFFFFFFFFFFTTFFFFFFFFFFFFFFFFFFTTFFFFFFFFFFFFFFFFFFTTFFFFFFFFFFFFFFFFFFTTFFFFFFFFFFFFFFFFFFTTTTTTTTTTTTTTTTTTTTTTFTFTFTFTTTTTTTTTTTTTTTTTTTTTTTTTTTTTTTT,20,16,5,6,5,12,13,6,13,12,True,True,True,True,True,True,True,True,True,FFFFFFFFFFFFFFFFFFFFFFFFFFFFFFFFFFFFFFFFFFFFFFFFFFFFFFFFFFFFFFFFFFFFFFFFFFFFFFFFFFFFFFFFFFFFFFFFFFFFFFFFFFFFFFFFFFFFFFFFFFFFFFFFFFFFFFFFFFTFFFFFFFFFFFFFFFFFFFFFFFFFFFFFFFFFFFFFFFFFFFFFFFFFFFFFFFFFFFFFFFFFFFFFFFFFFFFFFFFFFFFFFFFFFFFFFFFFFFFFFFFFFFFFFFFFFFFFFFFFFFFFFFFFFFFFFFFFFFFFFFFFFFFFFFFFFFFFFFFFFFFFFFFFFFFFFFFFFFFF,-14,
13,10,West,Stop,Stop,Stop,Stop,12,Stop,Stop,Stop,TTTTTTTTTTTTTTTTTTTTTFFFFFFFFFFFFFFFFFFTTFFFFFFFFFFFFFFFFFFTTFFFFFFFFFFFFFFFFFFTTFFFFFFFFFFFFFFFFFFTTTTTTTFFFFFFFFFFFFFTTFFFFFFFFFFFFFFFFFFTTFFFFFFFFFFFFFFFFFFTTFFFFFFFFFFFFFFFFFFTTFFFFFFFFFFFFFFFFFFTTFFFFFFFFFFFFFFFFFFTTFFFFFFFFFFFFFFFFFFTTFFFFFFFFFFFFFFFFFFTTTTTTTTTTTTTTTTTTTTTTFTFTFTFTTTTTTTTTTTTTTTTTTTTTTTTTTTTTTTT,20,16,5,6,5,12,13,6,13,12,True,True,True,True,True,True,True,True,True,FFFFFFFFFFFFFFFFFFFFFFFFFFFFFFFFFFFFFFFFFFFFFFFFFFFFFFFFFFFFFFFFFFFFFFFFFFFFFFFFFFFFFFFFFFFFFFFFFFFFFFFFFFFFFFFFFFFFFFFFFFFFFFFFFFFFFFFFFFTFFFFFFFFFFFFFFFFFFFFFFFFFFFFFFFFFFFFFFFFFFFFFFFFFFFFFFFFFFFFFFFFFFFFFFFFFFFFFFFFFFFFFFFFFFFFFFFFFFFFFFFFFFFFFFFFFFFFFFFFFFFFFFFFFFFFFFFFFFFFFFFFFFFFFFFFFFFFFFFFFFFFFFFFFFFFFFFFFFFFF,-15,
14,10,East,Stop,Stop,Stop,Stop,13,Stop,Stop,Stop,TTTTTTTTTTTTTTTTTTTTTFFFFFFFFFFFFFFFFFFTTFFFFFFFFFFFFFFFFFFTTFFFFFFFFFFFFFFFFFFTTFFFFFFFFFFFFFFFFFFTTTTTTTFFFFFFFFFFFFFTTFFFFFFFFFFFFFFFFFFTTFFFFFFFFFFFFFFFFFFTTFFFFFFFFFFFFFFFFFFTTFFFFFFFFFFFFFFFFFFTTFFFFFFFFFFFFFFFFFFTTFFFFFFFFFFFFFFFFFFTTFFFFFFFFFFFFFFFFFFTTTTTTTTTTTTTTTTTTTTTTFTFTFTFTTTTTTTTTTTTTTTTTTTTTTTTTTTTTTTT,20,16,5,6,5,12,13,6,13,12,True,True,True,True,True,True,True,True,True,FFFFFFFFFFFFFFFFFFFFFFFFFFFFFFFFFFFFFFFFFFFFFFFFFFFFFFFFFFFFFFFFFFFFFFFFFFFFFFFFFFFFFFFFFFFFFFFFFFFFFFFFFFFFFFFFFFFFFFFFFFFFFFFFFFFFFFFFFFTFFFFFFFFFFFFFFFFFFFFFFFFFFFFFFFFFFFFFFFFFFFFFFFFFFFFFFFFFFFFFFFFFFFFFFFFFFFFFFFFFFFFFFFFFFFFFFFFFFFFFFFFFFFFFFFFFFFFFFFFFFFFFFFFFFFFFFFFFFFFFFFFFFFFFFFFFFFFFFFFFFFFFFFFFFFFFFFFFFFFF,-16,
14,11,North,Stop,Stop,Stop,Stop,14,Stop,Stop,Stop,TTTTTTTTTTTTTTTTTTTTTFFFFFFFFFFFFFFFFFFTTFFFFFFFFFFFFFFFFFFTTFFFFFFFFFFFFFFFFFFTTFFFFFFFFFFFFFFFFFFTTTTTTTFFFFFFFFFFFFFTTFFFFFFFFFFFFFFFFFFTTFFFFFFFFFFFFFFFFFFTTFFFFFFFFFFFFFFFFFFTTFFFFFFFFFFFFFFFFFFTTFFFFFFFFFFFFFFFFFFTTFFFFFFFFFFFFFFFFFFTTFFFFFFFFFFFFFFFFFFTTTTTTTTTTTTTTTTTTTTTTFTFTFTFTTTTTTTTTTTTTTTTTTTTTTTTTTTTTTTT,20,16,5,6,5,12,13,6,13,12,True,True,True,True,True,True,True,True,True,FFFFFFFFFFFFFFFFFFFFFFFFFFFFFFFFFFFFFFFFFFFFFFFFFFFFFFFFFFFFFFFFFFFFFFFFFFFFFFFFFFFFFFFFFFFFFFFFFFFFFFFFFFFFFFFFFFFFFFFFFFFFFFFFFFFFFFFFFFTFFFFFFFFFFFFFFFFFFFFFFFFFFFFFFFFFFFFFFFFFFFFFFFFFFFFFFFFFFFFFFFFFFFFFFFFFFFFFFFFFFFFFFFFFFFFFFFFFFFFFFFFFFFFFFFFFFFFFFFFFFFFFFFFFFFFFFFFFFFFFFFFFFFFFFFFFFFFFFFFFFFFFFFFFFFFFFFFFFFFF,-17,
13,11,West,Stop,Stop,Stop,Stop,13,Stop,Stop,Stop,TTTTTTTTTTTTTTTTTTTTTFFFFFFFFFFFFFFFFFFTTFFFFFFFFFFFFFFFFFFTTFFFFFFFFFFFFFFFFFFTTFFFFFFFFFFFFFFFFFFTTTTTTTFFFFFFFFFFFFFTTFFFFFFFFFFFFFFFFFFTTFFFFFFFFFFFFFFFFFFTTFFFFFFFFFFFFFFFFFFTTFFFFFFFFFFFFFFFFFFTTFFFFFFFFFFFFFFFFFFTTFFFFFFFFFFFFFFFFFFTTFFFFFFFFFFFFFFFFFFTTTTTTTTTTTTTTTTTTTTTTFTFTFTFTTTTTTTTTTTTTTTTTTTTTTTTTTTTTTTT,20,16,5,6,5,12,13,6,13,12,True,True,True,True,True,True,True,True,True,FFFFFFFFFFFFFFFFFFFFFFFFFFFFFFFFFFFFFFFFFFFFFFFFFFFFFFFFFFFFFFFFFFFFFFFFFFFFFFFFFFFFFFFFFFFFFFFFFFFFFFFFFFFFFFFFFFFFFFFFFFFFFFFFFFFFFFFFFFTFFFFFFFFFFFFFFFFFFFFFFFFFFFFFFFFFFFFFFFFFFFFFFFFFFFFFFFFFFFFFFFFFFFFFFFFFFFFFFFFFFFFFFFFFFFFFFFFFFFFFFFFFFFFFFFFFFFFFFFFFFFFFFFFFFFFFFFFFFFFFFFFFFFFFFFFFFFFFFFFFFFFFFFFFFFFFFFFFFFFF,-18,
13,10,South,Stop,Stop,Stop,Stop,12,Stop,Stop,Stop,TTTTTTTTTTTTTTTTTTTTTFFFFFFFFFFFFFFFFFFTTFFFFFFFFFFFFFFFFFFTTFFFFFFFFFFFFFFFFFFTTFFFFFFFFFFFFFFFFFFTTTTTTTFFFFFFFFFFFFFTTFFFFFFFFFFFFFFFFFFTTFFFFFFFFFFFFFFFFFFTTFFFFFFFFFFFFFFFFFFTTFFFFFFFFFFFFFFFFFFTTFFFFFFFFFFFFFFFFFFTTFFFFFFFFFFFFFFFFFFTTFFFFFFFFFFFFFFFFFFTTTTTTTTTTTTTTTTTTTTTTFTFTFTFTTTTTTTTTTTTTTTTTTTTTTTTTTTTTTTT,20,16,5,6,5,12,13,6,13,12,True,True,True,True,True,True,True,True,True,FFFFFFFFFFFFFFFFFFFFFFFFFFFFFFFFFFFFFFFFFFFFFFFFFFFFFFFFFFFFFFFFFFFFFFFFFFFFFFFFFFFFFFFFFFFFFFFFFFFFFFFFFFFFFFFFFFFFFFFFFFFFFFFFFFFFFFFFFFTFFFFFFFFFFFFFFFFFFFFFFFFFFFFFFFFFFFFFFFFFFFFFFFFFFFFFFFFFFFFFFFFFFFFFFFFFFFFFFFFFFFFFFFFFFFFFFFFFFFFFFFFFFFFFFFFFFFFFFFFFFFFFFFFFFFFFFFFFFFFFFFFFFFFFFFFFFFFFFFFFFFFFFFFFFFFFFFFFFFFF,-19,
14,10,East,Stop,Stop,Stop,Stop,13,Stop,Stop,Stop,TTTTTTTTTTTTTTTTTTTTTFFFFFFFFFFFFFFFFFFTTFFFFFFFFFFFFFFFFFFTTFFFFFFFFFFFFFFFFFFTTFFFFFFFFFFFFFFFFFFTTTTTTTFFFFFFFFFFFFFTTFFFFFFFFFFFFFFFFFFTTFFFFFFFFFFFFFFFFFFTTFFFFFFFFFFFFFFFFFFTTFFFFFFFFFFFFFFFFFFTTFFFFFFFFFFFFFFFFFFTTFFFFFFFFFFFFFFFFFFTTFFFFFFFFFFFFFFFFFFTTTTTTTTTTTTTTTTTTTTTTFTFTFTFTTTTTTTTTTTTTTTTTTTTTTTTTTTTTTTT,20,16,5,6,5,12,13,6,13,12,True,True,True,True,True,True,True,True,True,FFFFFFFFFFFFFFFFFFFFFFFFFFFFFFFFFFFFFFFFFFFFFFFFFFFFFFFFFFFFFFFFFFFFFFFFFFFFFFFFFFFFFFFFFFFFFFFFFFFFFFFFFFFFFFFFFFFFFFFFFFFFFFFFFFFFFFFFFFTFFFFFFFFFFFFFFFFFFFFFFFFFFFFFFFFFFFFFFFFFFFFFFFFFFFFFFFFFFFFFFFFFFFFFFFFFFFFFFFFFFFFFFFFFFFFFFFFFFFFFFFFFFFFFFFFFFFFFFFFFFFFFFFFFFFFFFFFFFFFFFFFFFFFFFFFFFFFFFFFFFFFFFFFFFFFFFFFFFFFF,-20,
14,9,South,Stop,Stop,Stop,Stop,12,Stop,Stop,Stop,TTTTTTTTTTTTTTTTTTTTTFFFFFFFFFFFFFFFFFFTTFFFFFFFFFFFFFFFFFFTTFFFFFFFFFFFFFFFFFFTTFFFFFFFFFFFFFFFFFFTTTTTTTFFFFFFFFFFFFFTTFFFFFFFFFFFFFFFFFFTTFFFFFFFFFFFFFFFFFFTTFFFFFFFFFFFFFFFFFFTTFFFFFFFFFFFFFFFFFFTTFFFFFFFFFFFFFFFFFFTTFFFFFFFFFFFFFFFFFFTTFFFFFFFFFFFFFFFFFFTTTTTTTTTTTTTTTTTTTTTTFTFTFTFTTTTTTTTTTTTTTTTTTTTTTTTTTTTTTTT,20,16,5,6,5,12,13,6,13,12,True,True,True,True,True,True,True,True,True,FFFFFFFFFFFFFFFFFFFFFFFFFFFFFFFFFFFFFFFFFFFFFFFFFFFFFFFFFFFFFFFFFFFFFFFFFFFFFFFFFFFFFFFFFFFFFFFFFFFFFFFFFFFFFFFFFFFFFFFFFFFFFFFFFFFFFFFFFFTFFFFFFFFFFFFFFFFFFFFFFFFFFFFFFFFFFFFFFFFFFFFFFFFFFFFFFFFFFFFFFFFFFFFFFFFFFFFFFFFFFFFFFFFFFFFFFFFFFFFFFFFFFFFFFFFFFFFFFFFFFFFFFFFFFFFFFFFFFFFFFFFFFFFFFFFFFFFFFFFFFFFFFFFFFFFFFFFFFFFF,-21,
15,9,East,Stop,Stop,Stop,Stop,13,Stop,Stop,Stop,TTTTTTTTTTTTTTTTTTTTTFFFFFFFFFFFFFFFFFFTTFFFFFFFFFFFFFFFFFFTTFFFFFFFFFFFFFFFFFFTTFFFFFFFFFFFFFFFFFFTTTTTTTFFFFFFFFFFFFFTTFFFFFFFFFFFFFFFFFFTTFFFFFFFFFFFFFFFFFFTTFFFFFFFFFFFFFFFFFFTTFFFFFFFFFFFFFFFFFFTTFFFFFFFFFFFFFFFFFFTTFFFFFFFFFFFFFFFFFFTTFFFFFFFFFFFFFFFFFFTTTTTTTTTTTTTTTTTTTTTTFTFTFTFTTTTTTTTTTTTTTTTTTTTTTTTTTTTTTTT,20,16,5,6,5,12,13,6,13,12,True,True,True,True,True,True,True,True,True,FFFFFFFFFFFFFFFFFFFFFFFFFFFFFFFFFFFFFFFFFFFFFFFFFFFFFFFFFFFFFFFFFFFFFFFFFFFFFFFFFFFFFFFFFFFFFFFFFFFFFFFFFFFFFFFFFFFFFFFFFFFFFFFFFFFFFFFFFFTFFFFFFFFFFFFFFFFFFFFFFFFFFFFFFFFFFFFFFFFFFFFFFFFFFFFFFFFFFFFFFFFFFFFFFFFFFFFFFFFFFFFFFFFFFFFFFFFFFFFFFFFFFFFFFFFFFFFFFFFFFFFFFFFFFFFFFFFFFFFFFFFFFFFFFFFFFFFFFFFFFFFFFFFFFFFFFFFFFFFF,-22,
16,9,East,Stop,Stop,Stop,Stop,14,Stop,Stop,Stop,TTTTTTTTTTTTTTTTTTTTTFFFFFFFFFFFFFFFFFFTTFFFFFFFFFFFFFFFFFFTTFFFFFFFFFFFFFFFFFFTTFFFFFFFFFFFFFFFFFFTTTTTTTFFFFFFFFFFFFFTTFFFFFFFFFFFFFFFFFFTTFFFFFFFFFFFFFFFFFFTTFFFFFFFFFFFFFFFFFFTTFFFFFFFFFFFFFFFFFFTTFFFFFFFFFFFFFFFFFFTTFFFFFFFFFFFFFFFFFFTTFFFFFFFFFFFFFFFFFFTTTTTTTTTTTTTTTTTTTTTTFTFTFTFTTTTTTTTTTTTTTTTTTTTTTTTTTTTTTTT,20,16,5,6,5,12,13,6,13,12,True,True,True,True,True,True,True,True,True,FFFFFFFFFFFFFFFFFFFFFFFFFFFFFFFFFFFFFFFFFFFFFFFFFFFFFFFFFFFFFFFFFFFFFFFFFFFFFFFFFFFFFFFFFFFFFFFFFFFFFFFFFFFFFFFFFFFFFFFFFFFFFFFFFFFFFFFFFFTFFFFFFFFFFFFFFFFFFFFFFFFFFFFFFFFFFFFFFFFFFFFFFFFFFFFFFFFFFFFFFFFFFFFFFFFFFFFFFFFFFFFFFFFFFFFFFFFFFFFFFFFFFFFFFFFFFFFFFFFFFFFFFFFFFFFFFFFFFFFFFFFFFFFFFFFFFFFFFFFFFFFFFFFFFFFFFFFFFFFF,-23,
17,9,East,Stop,Stop,Stop,Stop,15,Stop,Stop,Stop,TTTTTTTTTTTTTTTTTTTTTFFFFFFFFFFFFFFFFFFTTFFFFFFFFFFFFFFFFFFTTFFFFFFFFFFFFFFFFFFTTFFFFFFFFFFFFFFFFFFTTTTTTTFFFFFFFFFFFFFTTFFFFFFFFFFFFFFFFFFTTFFFFFFFFFFFFFFFFFFTTFFFFFFFFFFFFFFFFFFTTFFFFFFFFFFFFFFFFFFTTFFFFFFFFFFFFFFFFFFTTFFFFFFFFFFFFFFFFFFTTFFFFFFFFFFFFFFFFFFTTTTTTTTTTTTTTTTTTTTTTFTFTFTFTTTTTTTTTTTTTTTTTTTTTTTTTTTTTTTT,20,16,5,6,5,12,13,6,13,12,True,True,True,True,True,True,True,True,True,FFFFFFFFFFFFFFFFFFFFFFFFFFFFFFFFFFFFFFFFFFFFFFFFFFFFFFFFFFFFFFFFFFFFFFFFFFFFFFFFFFFFFFFFFFFFFFFFFFFFFFFFFFFFFFFFFFFFFFFFFFFFFFFFFFFFFFFFFFTFFFFFFFFFFFFFFFFFFFFFFFFFFFFFFFFFFFFFFFFFFFFFFFFFFFFFFFFFFFFFFFFFFFFFFFFFFFFFFFFFFFFFFFFFFFFFFFFFFFFFFFFFFFFFFFFFFFFFFFFFFFFFFFFFFFFFFFFFFFFFFFFFFFFFFFFFFFFFFFFFFFFFFFFFFFFFFFFFFFFF,-24,
16,9,West,Stop,Stop,Stop,Stop,14,Stop,Stop,Stop,TTTTTTTTTTTTTTTTTTTTTFFFFFFFFFFFFFFFFFFTTFFFFFFFFFFFFFFFFFFTTFFFFFFFFFFFFFFFFFFTTFFFFFFFFFFFFFFFFFFTTTTTTTFFFFFFFFFFFFFTTFFFFFFFFFFFFFFFFFFTTFFFFFFFFFFFFFFFFFFTTFFFFFFFFFFFFFFFFFFTTFFFFFFFFFFFFFFFFFFTTFFFFFFFFFFFFFFFFFFTTFFFFFFFFFFFFFFFFFFTTFFFFFFFFFFFFFFFFFFTTTTTTTTTTTTTTTTTTTTTTFTFTFTFTTTTTTTTTTTTTTTTTTTTTTTTTTTTTTTT,20,16,5,6,5,12,13,6,13,12,True,True,True,True,True,True,True,True,True,FFFFFFFFFFFFFFFFFFFFFFFFFFFFFFFFFFFFFFFFFFFFFFFFFFFFFFFFFFFFFFFFFFFFFFFFFFFFFFFFFFFFFFFFFFFFFFFFFFFFFFFFFFFFFFFFFFFFFFFFFFFFFFFFFFFFFFFFFFTFFFFFFFFFFFFFFFFFFFFFFFFFFFFFFFFFFFFFFFFFFFFFFFFFFFFFFFFFFFFFFFFFFFFFFFFFFFFFFFFFFFFFFFFFFFFFFFFFFFFFFFFFFFFFFFFFFFFFFFFFFFFFFFFFFFFFFFFFFFFFFFFFFFFFFFFFFFFFFFFFFFFFFFFFFFFFFFFFFFFF,-25,
17,9,East,Stop,Stop,Stop,Stop,15,Stop,Stop,Stop,TTTTTTTTTTTTTTTTTTTTTFFFFFFFFFFFFFFFFFFTTFFFFFFFFFFFFFFFFFFTTFFFFFFFFFFFFFFFFFFTTFFFFFFFFFFFFFFFFFFTTTTTTTFFFFFFFFFFFFFTTFFFFFFFFFFFFFFFFFFTTFFFFFFFFFFFFFFFFFFTTFFFFFFFFFFFFFFFFFFTTFFFFFFFFFFFFFFFFFFTTFFFFFFFFFFFFFFFFFFTTFFFFFFFFFFFFFFFFFFTTFFFFFFFFFFFFFFFFFFTTTTTTTTTTTTTTTTTTTTTTFTFTFTFTTTTTTTTTTTTTTTTTTTTTTTTTTTTTTTT,20,16,5,6,5,12,13,6,13,12,True,True,True,True,True,True,True,True,True,FFFFFFFFFFFFFFFFFFFFFFFFFFFFFFFFFFFFFFFFFFFFFFFFFFFFFFFFFFFFFFFFFFFFFFFFFFFFFFFFFFFFFFFFFFFFFFFFFFFFFFFFFFFFFFFFFFFFFFFFFFFFFFFFFFFFFFFFFFTFFFFFFFFFFFFFFFFFFFFFFFFFFFFFFFFFFFFFFFFFFFFFFFFFFFFFFFFFFFFFFFFFFFFFFFFFFFFFFFFFFFFFFFFFFFFFFFFFFFFFFFFFFFFFFFFFFFFFFFFFFFFFFFFFFFFFFFFFFFFFFFFFFFFFFFFFFFFFFFFFFFFFFFFFFFFFFFFFFFFF,-26,
17,10,North,Stop,Stop,Stop,Stop,16,Stop,Stop,Stop,TTTTTTTTTTTTTTTTTTTTTFFFFFFFFFFFFFFFFFFTTFFFFFFFFFFFFFFFFFFTTFFFFFFFFFFFFFFFFFFTTFFFFFFFFFFFFFFFFFFTTTTTTTFFFFFFFFFFFFFTTFFFFFFFFFFFFFFFFFFTTFFFFFFFFFFFFFFFFFFTTFFFFFFFFFFFFFFFFFFTTFFFFFFFFFFFFFFFFFFTTFFFFFFFFFFFFFFFFFFTTFFFFFFFFFFFFFFFFFFTTFFFFFFFFFFFFFFFFFFTTTTTTTTTTTTTTTTTTTTTTFTFTFTFTTTTTTTTTTTTTTTTTTTTTTTTTTTTTTTT,20,16,5,6,5,12,13,6,13,12,True,True,True,True,True,True,True,True,True,FFFFFFFFFFFFFFFFFFFFFFFFFFFFFFFFFFFFFFFFFFFFFFFFFFFFFFFFFFFFFFFFFFFFFFFFFFFFFFFFFFFFFFFFFFFFFFFFFFFFFFFFFFFFFFFFFFFFFFFFFFFFFFFFFFFFFFFFFFTFFFFFFFFFFFFFFFFFFFFFFFFFFFFFFFFFFFFFFFFFFFFFFFFFFFFFFFFFFFFFFFFFFFFFFFFFFFFFFFFFFFFFFFFFFFFFFFFFFFFFFFFFFFFFFFFFFFFFFFFFFFFFFFFFFFFFFFFFFFFFFFFFFFFFFFFFFFFFFFFFFFFFFFFFFFFFFFFFFFFF,-27,
17,11,North,Stop,Stop,Stop,Stop,17,Stop,Stop,Stop,TTTTTTTTTTTTTTTTTTTTTFFFFFFFFFFFFFFFFFFTTFFFFFFFFFFFFFFFFFFTTFFFFFFFFFFFFFFFFFFTTFFFFFFFFFFFFFFFFFFTTTTTTTFFFFFFFFFFFFFTTFFFFFFFFFFFFFFFFFFTTFFFFFFFFFFFFFFFFFFTTFFFFFFFFFFFFFFFFFFTTFFFFFFFFFFFFFFFFFFTTFFFFFFFFFFFFFFFFFFTTFFFFFFFFFFFFFFFFFFTTFFFFFFFFFFFFFFFFFFTTTTTTTTTTTTTTTTTTTTTTFTFTFTFTTTTTTTTTTTTTTTTTTTTTTTTTTTTTTTT,20,16,5,6,5,12,13,6,13,12,True,True,True,True,True,True,True,True,True,FFFFFFFFFFFFFFFFFFFFFFFFFFFFFFFFFFFFFFFFFFFFFFFFFFFFFFFFFFFFFFFFFFFFFFFFFFFFFFFFFFFFFFFFFFFFFFFFFFFFFFFFFFFFFFFFFFFFFFFFFFFFFFFFFFFFFFFFFFTFFFFFFFFFFFFFFFFFFFFFFFFFFFFFFFFFFFFFFFFFFFFFFFFFFFFFFFFFFFFFFFFFFFFFFFFFFFFFFFFFFFFFFFFFFFFFFFFFFFFFFFFFFFFFFFFFFFFFFFFFFFFFFFFFFFFFFFFFFFFFFFFFFFFFFFFFFFFFFFFFFFFFFFFFFFFFFFFFFFFF,-28,
16,11,West,Stop,Stop,Stop,Stop,16,Stop,Stop,Stop,TTTTTTTTTTTTTTTTTTTTTFFFFFFFFFFFFFFFFFFTTFFFFFFFFFFFFFFFFFFTTFFFFFFFFFFFFFFFFFFTTFFFFFFFFFFFFFFFFFFTTTTTTTFFFFFFFFFFFFFTTFFFFFFFFFFFFFFFFFFTTFFFFFFFFFFFFFFFFFFTTFFFFFFFFFFFFFFFFFFTTFFFFFFFFFFFFFFFFFFTTFFFFFFFFFFFFFFFFFFTTFFFFFFFFFFFFFFFFFFTTFFFFFFFFFFFFFFFFFFTTTTTTTTTTTTTTTTTTTTTTFTFTFTFTTTTTTTTTTTTTTTTTTTTTTTTTTTTTTTT,20,16,5,6,5,12,13,6,13,12,True,True,True,True,True,True,True,True,True,FFFFFFFFFFFFFFFFFFFFFFFFFFFFFFFFFFFFFFFFFFFFFFFFFFFFFFFFFFFFFFFFFFFFFFFFFFFFFFFFFFFFFFFFFFFFFFFFFFFFFFFFFFFFFFFFFFFFFFFFFFFFFFFFFFFFFFFFFFTFFFFFFFFFFFFFFFFFFFFFFFFFFFFFFFFFFFFFFFFFFFFFFFFFFFFFFFFFFFFFFFFFFFFFFFFFFFFFFFFFFFFFFFFFFFFFFFFFFFFFFFFFFFFFFFFFFFFFFFFFFFFFFFFFFFFFFFFFFFFFFFFFFFFFFFFFFFFFFFFFFFFFFFFFFFFFFFFFFFFF,-29,
17,11,East,Stop,Stop,Stop,Stop,17,Stop,Stop,Stop,TTTTTTTTTTTTTTTTTTTTTFFFFFFFFFFFFFFFFFFTTFFFFFFFFFFFFFFFFFFTTFFFFFFFFFFFFFFFFFFTTFFFFFFFFFFFFFFFFFFTTTTTTTFFFFFFFFFFFFFTTFFFFFFFFFFFFFFFFFFTTFFFFFFFFFFFFFFFFFFTTFFFFFFFFFFFFFFFFFFTTFFFFFFFFFFFFFFFFFFTTFFFFFFFFFFFFFFFFFFTTFFFFFFFFFFFFFFFFFFTTFFFFFFFFFFFFFFFFFFTTTTTTTTTTTTTTTTTTTTTTFTFTFTFTTTTTTTTTTTTTTTTTTTTTTTTTTTTTTTT,20,16,5,6,5,12,13,6,13,12,True,True,True,True,True,True,True,True,True,FFFFFFFFFFFFFFFFFFFFFFFFFFFFFFFFFFFFFFFFFFFFFFFFFFFFFFFFFFFFFFFFFFFFFFFFFFFFFFFFFFFFFFFFFFFFFFFFFFFFFFFFFFFFFFFFFFFFFFFFFFFFFFFFFFFFFFFFFFTFFFFFFFFFFFFFFFFFFFFFFFFFFFFFFFFFFFFFFFFFFFFFFFFFFFFFFFFFFFFFFFFFFFFFFFFFFFFFFFFFFFFFFFFFFFFFFFFFFFFFFFFFFFFFFFFFFFFFFFFFFFFFFFFFFFFFFFFFFFFFFFFFFFFFFFFFFFFFFFFFFFFFFFFFFFFFFFFFFFFF,-30,
17,10,South,Stop,Stop,Stop,Stop,16,Stop,Stop,Stop,TTTTTTTTTTTTTTTTTTTTTFFFFFFFFFFFFFFFFFFTTFFFFFFFFFFFFFFFFFFTTFFFFFFFFFFFFFFFFFFTTFFFFFFFFFFFFFFFFFFTTTTTTTFFFFFFFFFFFFFTTFFFFFFFFFFFFFFFFFFTTFFFFFFFFFFFFFFFFFFTTFFFFFFFFFFFFFFFFFFTTFFFFFFFFFFFFFFFFFFTTFFFFFFFFFFFFFFFFFFTTFFFFFFFFFFFFFFFFFFTTFFFFFFFFFFFFFFFFFFTTTTTTTTTTTTTTTTTTTTTTFTFTFTFTTTTTTTTTTTTTTTTTTTTTTTTTTTTTTTT,20,16,5,6,5,12,13,6,13,12,True,True,True,True,True,True,True,True,True,FFFFFFFFFFFFFFFFFFFFFFFFFFFFFFFFFFFFFFFFFFFFFFFFFFFFFFFFFFFFFFFFFFFFFFFFFFFFFFFFFFFFFFFFFFFFFFFFFFFFFFFFFFFFFFFFFFFFFFFFFFFFFFFFFFFFFFFFFFTFFFFFFFFFFFFFFFFFFFFFFFFFFFFFFFFFFFFFFFFFFFFFFFFFFFFFFFFFFFFFFFFFFFFFFFFFFFFFFFFFFFFFFFFFFFFFFFFFFFFFFFFFFFFFFFFFFFFFFFFFFFFFFFFFFFFFFFFFFFFFFFFFFFFFFFFFFFFFFFFFFFFFFFFFFFFFFFFFFFFF,-31,
17,9,South,Stop,Stop,Stop,Stop,15,Stop,Stop,Stop,TTTTTTTTTTTTTTTTTTTTTFFFFFFFFFFFFFFFFFFTTFFFFFFFFFFFFFFFFFFTTFFFFFFFFFFFFFFFFFFTTFFFFFFFFFFFFFFFFFFTTTTTTTFFFFFFFFFFFFFTTFFFFFFFFFFFFFFFFFFTTFFFFFFFFFFFFFFFFFFTTFFFFFFFFFFFFFFFFFFTTFFFFFFFFFFFFFFFFFFTTFFFFFFFFFFFFFFFFFFTTFFFFFFFFFFFFFFFFFFTTFFFFFFFFFFFFFFFFFFTTTTTTTTTTTTTTTTTTTTTTFTFTFTFTTTTTTTTTTTTTTTTTTTTTTTTTTTTTTTT,20,16,5,6,5,12,13,6,13,12,True,True,True,True,True,True,True,True,True,FFFFFFFFFFFFFFFFFFFFFFFFFFFFFFFFFFFFFFFFFFFFFFFFFFFFFFFFFFFFFFFFFFFFFFFFFFFFFFFFFFFFFFFFFFFFFFFFFFFFFFFFFFFFFFFFFFFFFFFFFFFFFFFFFFFFFFFFFFTFFFFFFFFFFFFFFFFFFFFFFFFFFFFFFFFFFFFFFFFFFFFFFFFFFFFFFFFFFFFFFFFFFFFFFFFFFFFFFFFFFFFFFFFFFFFFFFFFFFFFFFFFFFFFFFFFFFFFFFFFFFFFFFFFFFFFFFFFFFFFFFFFFFFFFFFFFFFFFFFFFFFFFFFFFFFFFFFFFFFF,-32,
17,10,North,Stop,Stop,Stop,Stop,16,Stop,Stop,Stop,TTTTTTTTTTTTTTTTTTTTTFFFFFFFFFFFFFFFFFFTTFFFFFFFFFFFFFFFFFFTTFFFFFFFFFFFFFFFFFFTTFFFFFFFFFFFFFFFFFFTTTTTTTFFFFFFFFFFFFFTTFFFFFFFFFFFFFFFFFFTTFFFFFFFFFFFFFFFFFFTTFFFFFFFFFFFFFFFFFFTTFFFFFFFFFFFFFFFFFFTTFFFFFFFFFFFFFFFFFFTTFFFFFFFFFFFFFFFFFFTTFFFFFFFFFFFFFFFFFFTTTTTTTTTTTTTTTTTTTTTTFTFTFTFTTTTTTTTTTTTTTTTTTTTTTTTTTTTTTTT,20,16,5,6,5,12,13,6,13,12,True,True,True,True,True,True,True,True,True,FFFFFFFFFFFFFFFFFFFFFFFFFFFFFFFFFFFFFFFFFFFFFFFFFFFFFFFFFFFFFFFFFFFFFFFFFFFFFFFFFFFFFFFFFFFFFFFFFFFFFFFFFFFFFFFFFFFFFFFFFFFFFFFFFFFFFFFFFFTFFFFFFFFFFFFFFFFFFFFFFFFFFFFFFFFFFFFFFFFFFFFFFFFFFFFFFFFFFFFFFFFFFFFFFFFFFFFFFFFFFFFFFFFFFFFFFFFFFFFFFFFFFFFFFFFFFFFFFFFFFFFFFFFFFFFFFFFFFFFFFFFFFFFFFFFFFFFFFFFFFFFFFFFFFFFFFFFFFFFF,-33,
17,11,North,Stop,Stop,Stop,Stop,17,Stop,Stop,Stop,TTTTTTTTTTTTTTTTTTTTTFFFFFFFFFFFFFFFFFFTTFFFFFFFFFFFFFFFFFFTTFFFFFFFFFFFFFFFFFFTTFFFFFFFFFFFFFFFFFFTTTTTTTFFFFFFFFFFFFFTTFFFFFFFFFFFFFFFFFFTTFFFFFFFFFFFFFFFFFFTTFFFFFFFFFFFFFFFFFFTTFFFFFFFFFFFFFFFFFFTTFFFFFFFFFFFFFFFFFFTTFFFFFFFFFFFFFFFFFFTTFFFFFFFFFFFFFFFFFFTTTTTTTTTTTTTTTTTTTTTTFTFTFTFTTTTTTTTTTTTTTTTTTTTTTTTTTTTTTTT,20,16,5,6,5,12,13,6,13,12,True,True,True,True,True,True,True,True,True,FFFFFFFFFFFFFFFFFFFFFFFFFFFFFFFFFFFFFFFFFFFFFFFFFFFFFFFFFFFFFFFFFFFFFFFFFFFFFFFFFFFFFFFFFFFFFFFFFFFFFFFFFFFFFFFFFFFFFFFFFFFFFFFFFFFFFFFFFFTFFFFFFFFFFFFFFFFFFFFFFFFFFFFFFFFFFFFFFFFFFFFFFFFFFFFFFFFFFFFFFFFFFFFFFFFFFFFFFFFFFFFFFFFFFFFFFFFFFFFFFFFFFFFFFFFFFFFFFFFFFFFFFFFFFFFFFFFFFFFFFFFFFFFFFFFFFFFFFFFFFFFFFFFFFFFFFFFFFFFF,-34,
18,11,East,Stop,Stop,Stop,Stop,18,Stop,Stop,Stop,TTTTTTTTTTTTTTTTTTTTTFFFFFFFFFFFFFFFFFFTTFFFFFFFFFFFFFFFFFFTTFFFFFFFFFFFFFFFFFFTTFFFFFFFFFFFFFFFFFFTTTTTTTFFFFFFFFFFFFFTTFFFFFFFFFFFFFFFFFFTTFFFFFFFFFFFFFFFFFFTTFFFFFFFFFFFFFFFFFFTTFFFFFFFFFFFFFFFFFFTTFFFFFFFFFFFFFFFFFFTTFFFFFFFFFFFFFFFFFFTTFFFFFFFFFFFFFFFFFFTTTTTTTTTTTTTTTTTTTTTTFTFTFTFTTTTTTTTTTTTTTTTTTTTTTTTTTTTTTTT,20,16,5,6,5,12,13,6,13,12,True,True,False,True,True,True,True,True,True,FFFFFFFFFFFFFFFFFFFFFFFFFFFFFFFFFFFFFFFFFFFFFFFFFFFFFFFFFFFFFFFFFFFFFFFFFFFFFFFFFFFFFFFFFFFFFFFFFFFFFFFFFFFFFFFFFFFFFFFFFFFFFFFFFFFFFFFFFFTFFFFFFFFFFFFFFFFFFFFFFFFFFFFFFFFFFFFFFFFFFFFFFFFFFFFFFFFFFFFFFFFFFFFFFFFFFFFFFFFFFFFFFFFFFFFFFFFFFFFFFFFFFFFFFFFFFFFFFFFFFFFFFFFFFFFFFFFFFFFFFFFFFFFFFFFFFFFFFFFFFFFFFFFFFFFFFFFFFFFF,-35,
17,11,West,Stop,Stop,Stop,Stop,17,Stop,Stop,Stop,TTTTTTTTTTTTTTTTTTTTTFFFFFFFFFFFFFFFFFFTTFFFFFFFFFFFFFFFFFFTTFFFFFFFFFFFFFFFFFFTTFFFFFFFFFFFFFFFFFFTTTTTTTFFFFFFFFFFFFFTTFFFFFFFFFFFFFFFFFFTTFFFFFFFFFFFFFFFFFFTTFFFFFFFFFFFFFFFFFFTTFFFFFFFFFFFFFFFFFFTTFFFFFFFFFFFFFFFFFFTTFFFFFFFFFFFFFFFFFFTTFFFFFFFFFFFFFFFFFFTTTTTTTTTTTTTTTTTTTTTTFTFTFTFTTTTTTTTTTTTTTTTTTTTTTTTTTTTTTTT,20,16,5,6,5,12,13,6,13,12,True,True,True,True,True,True,True,True,True,FFFFFFFFFFFFFFFFFFFFFFFFFFFFFFFFFFFFFFFFFFFFFFFFFFFFFFFFFFFFFFFFFFFFFFFFFFFFFFFFFFFFFFFFFFFFFFFFFFFFFFFFFFFFFFFFFFFFFFFFFFFFFFFFFFFFFFFFFFTFFFFFFFFFFFFFFFFFFFFFFFFFFFFFFFFFFFFFFFFFFFFFFFFFFFFFFFFFFFFFFFFFFFFFFFFFFFFFFFFFFFFFFFFFFFFFFFFFFFFFFFFFFFFFFFFFFFFFFFFFFFFFFFFFFFFFFFFFFFFFFFFFFFFFFFFFFFFFFFFFFFFFFFFFFFFFFFFFFFFF,-36,
18,11,East,Stop,Stop,Stop,Stop,18,Stop,Stop,Stop,TTTTTTTTTTTTTTTTTTTTTFFFFFFFFFFFFFFFFFFTTFFFFFFFFFFFFFFFFFFTTFFFFFFFFFFFFFFFFFFTTFFFFFFFFFFFFFFFFFFTTTTTTTFFFFFFFFFFFFFTTFFFFFFFFFFFFFFFFFFTTFFFFFFFFFFFFFFFFFFTTFFFFFFFFFFFFFFFFFFTTFFFFFFFFFFFFFFFFFFTTFFFFFFFFFFFFFFFFFFTTFFFFFFFFFFFFFFFFFFTTFFFFFFFFFFFFFFFFFFTTTTTTTTTTTTTTTTTTTTTTFTFTFTFTTTTTTTTTTTTTTTTTTTTTTTTTTTTTTTT,20,16,5,6,5,12,13,6,13,12,True,True,False,True,True,True,True,True,True,FFFFFFFFFFFFFFFFFFFFFFFFFFFFFFFFFFFFFFFFFFFFFFFFFFFFFFFFFFFFFFFFFFFFFFFFFFFFFFFFFFFFFFFFFFFFFFFFFFFFFFFFFFFFFFFFFFFFFFFFFFFFFFFFFFFFFFFFFFTFFFFFFFFFFFFFFFFFFFFFFFFFFFFFFFFFFFFFFFFFFFFFFFFFFFFFFFFFFFFFFFFFFFFFFFFFFFFFFFFFFFFFFFFFFFFFFFFFFFFFFFFFFFFFFFFFFFFFFFFFFFFFFFFFFFFFFFFFFFFFFFFFFFFFFFFFFFFFFFFFFFFFFFFFFFFFFFFFFFFF,-37,
17,11,West,Stop,Stop,Stop,Stop,17,Stop,Stop,Stop,TTTTTTTTTTTTTTTTTTTTTFFFFFFFFFFFFFFFFFFTTFFFFFFFFFFFFFFFFFFTTFFFFFFFFFFFFFFFFFFTTFFFFFFFFFFFFFFFFFFTTTTTTTFFFFFFFFFFFFFTTFFFFFFFFFFFFFFFFFFTTFFFFFFFFFFFFFFFFFFTTFFFFFFFFFFFFFFFFFFTTFFFFFFFFFFFFFFFFFFTTFFFFFFFFFFFFFFFFFFTTFFFFFFFFFFFFFFFFFFTTFFFFFFFFFFFFFFFFFFTTTTTTTTTTTTTTTTTTTTTTFTFTFTFTTTTTTTTTTTTTTTTTTTTTTTTTTTTTTTT,20,16,5,6,5,12,13,6,13,12,True,True,True,True,True,True,True,True,True,FFFFFFFFFFFFFFFFFFFFFFFFFFFFFFFFFFFFFFFFFFFFFFFFFFFFFFFFFFFFFFFFFFFFFFFFFFFFFFFFFFFFFFFFFFFFFFFFFFFFFFFFFFFFFFFFFFFFFFFFFFFFFFFFFFFFFFFFFFTFFFFFFFFFFFFFFFFFFFFFFFFFFFFFFFFFFFFFFFFFFFFFFFFFFFFFFFFFFFFFFFFFFFFFFFFFFFFFFFFFFFFFFFFFFFFFFFFFFFFFFFFFFFFFFFFFFFFFFFFFFFFFFFFFFFFFFFFFFFFFFFFFFFFFFFFFFFFFFFFFFFFFFFFFFFFFFFFFFFFF,-38,
17,10,South,Stop,Stop,Stop,Stop,16,Stop,Stop,Stop,TTTTTTTTTTTTTTTTTTTTTFFFFFFFFFFFFFFFFFFTTFFFFFFFFFFFFFFFFFFTTFFFFFFFFFFFFFFFFFFTTFFFFFFFFFFFFFFFFFFTTTTTTTFFFFFFFFFFFFFTTFFFFFFFFFFFFFFFFFFTTFFFFFFFFFFFFFFFFFFTTFFFFFFFFFFFFFFFFFFTTFFFFFFFFFFFFFFFFFFTTFFFFFFFFFFFFFFFFFFTTFFFFFFFFFFFFFFFFFFTTFFFFFFFFFFFFFFFFFFTTTTTTTTTTTTTTTTTTTTTTFTFTFTFTTTTTTTTTTTTTTTTTTTTTTTTTTTTTTTT,20,16,5,6,5,12,13,6,13,12,True,True,True,True,True,True,True,True,True,FFFFFFFFFFFFFFFFFFFFFFFFFFFFFFFFFFFFFFFFFFFFFFFFFFFFFFFFFFFFFFFFFFFFFFFFFFFFFFFFFFFFFFFFFFFFFFFFFFFFFFFFFFFFFFFFFFFFFFFFFFFFFFFFFFFFFFFFFFTFFFFFFFFFFFFFFFFFFFFFFFFFFFFFFFFFFFFFFFFFFFFFFFFFFFFFFFFFFFFFFFFFFFFFFFFFFFFFFFFFFFFFFFFFFFFFFFFFFFFFFFFFFFFFFFFFFFFFFFFFFFFFFFFFFFFFFFFFFFFFFFFFFFFFFFFFFFFFFFFFFFFFFFFFFFFFFFFFFFFF,-39,
17,9,South,Stop,Stop,Stop,Stop,15,Stop,Stop,Stop,TTTTTTTTTTTTTTTTTTTTTFFFFFFFFFFFFFFFFFFTTFFFFFFFFFFFFFFFFFFTTFFFFFFFFFFFFFFFFFFTTFFFFFFFFFFFFFFFFFFTTTTTTTFFFFFFFFFFFFFTTFFFFFFFFFFFFFFFFFFTTFFFFFFFFFFFFFFFFFFTTFFFFFFFFFFFFFFFFFFTTFFFFFFFFFFFFFFFFFFTTFFFFFFFFFFFFFFFFFFTTFFFFFFFFFFFFFFFFFFTTFFFFFFFFFFFFFFFFFFTTTTTTTTTTTTTTTTTTTTTTFTFTFTFTTTTTTTTTTTTTTTTTTTTTTTTTTTTTTTT,20,16,5,6,5,12,13,6,13,12,True,True,True,True,True,True,True,True,True,FFFFFFFFFFFFFFFFFFFFFFFFFFFFFFFFFFFFFFFFFFFFFFFFFFFFFFFFFFFFFFFFFFFFFFFFFFFFFFFFFFFFFFFFFFFFFFFFFFFFFFFFFFFFFFFFFFFFFFFFFFFFFFFFFFFFFFFFFFTFFFFFFFFFFFFFFFFFFFFFFFFFFFFFFFFFFFFFFFFFFFFFFFFFFFFFFFFFFFFFFFFFFFFFFFFFFFFFFFFFFFFFFFFFFFFFFFFFFFFFFFFFFFFFFFFFFFFFFFFFFFFFFFFFFFFFFFFFFFFFFFFFFFFFFFFFFFFFFFFFFFFFFFFFFFFFFFFFFFFF,-40,
17,10,North,Stop,Stop,Stop,Stop,16,Stop,Stop,Stop,TTTTTTTTTTTTTTTTTTTTTFFFFFFFFFFFFFFFFFFTTFFFFFFFFFFFFFFFFFFTTFFFFFFFFFFFFFFFFFFTTFFFFFFFFFFFFFFFFFFTTTTTTTFFFFFFFFFFFFFTTFFFFFFFFFFFFFFFFFFTTFFFFFFFFFFFFFFFFFFTTFFFFFFFFFFFFFFFFFFTTFFFFFFFFFFFFFFFFFFTTFFFFFFFFFFFFFFFFFFTTFFFFFFFFFFFFFFFFFFTTFFFFFFFFFFFFFFFFFFTTTTTTTTTTTTTTTTTTTTTTFTFTFTFTTTTTTTTTTTTTTTTTTTTTTTTTTTTTTTT,20,16,5,6,5,12,13,6,13,12,True,True,True,True,True,True,True,True,True,FFFFFFFFFFFFFFFFFFFFFFFFFFFFFFFFFFFFFFFFFFFFFFFFFFFFFFFFFFFFFFFFFFFFFFFFFFFFFFFFFFFFFFFFFFFFFFFFFFFFFFFFFFFFFFFFFFFFFFFFFFFFFFFFFFFFFFFFFFTFFFFFFFFFFFFFFFFFFFFFFFFFFFFFFFFFFFFFFFFFFFFFFFFFFFFFFFFFFFFFFFFFFFFFFFFFFFFFFFFFFFFFFFFFFFFFFFFFFFFFFFFFFFFFFFFFFFFFFFFFFFFFFFFFFFFFFFFFFFFFFFFFFFFFFFFFFFFFFFFFFFFFFFFFFFFFFFFFFFFF,-41,
18,10,East,Stop,Stop,Stop,Stop,17,Stop,Stop,Stop,TTTTTTTTTTTTTTTTTTTTTFFFFFFFFFFFFFFFFFFTTFFFFFFFFFFFFFFFFFFTTFFFFFFFFFFFFFFFFFFTTFFFFFFFFFFFFFFFFFFTTTTTTTFFFFFFFFFFFFFTTFFFFFFFFFFFFFFFFFFTTFFFFFFFFFFFFFFFFFFTTFFFFFFFFFFFFFFFFFFTTFFFFFFFFFFFFFFFFFFTTFFFFFFFFFFFFFFFFFFTTFFFFFFFFFFFFFFFFFFTTFFFFFFFFFFFFFFFFFFTTTTTTTTTTTTTTTTTTTTTTFTFTFTFTTTTTTTTTTTTTTTTTTTTTTTTTTTTTTTT,20,16,5,6,5,12,13,6,13,12,True,True,False,True,True,True,True,True,True,FFFFFFFFFFFFFFFFFFFFFFFFFFFFFFFFFFFFFFFFFFFFFFFFFFFFFFFFFFFFFFFFFFFFFFFFFFFFFFFFFFFFFFFFFFFFFFFFFFFFFFFFFFFFFFFFFFFFFFFFFFFFFFFFFFFFFFFFFFTFFFFFFFFFFFFFFFFFFFFFFFFFFFFFFFFFFFFFFFFFFFFFFFFFFFFFFFFFFFFFFFFFFFFFFFFFFFFFFFFFFFFFFFFFFFFFFFFFFFFFFFFFFFFFFFFFFFFFFFFFFFFFFFFFFFFFFFFFFFFFFFFFFFFFFFFFFFFFFFFFFFFFFFFFFFFFFFFFFFFF,-42,
18,11,North,Stop,Stop,Stop,Stop,18,Stop,Stop,Stop,TTTTTTTTTTTTTTTTTTTTTFFFFFFFFFFFFFFFFFFTTFFFFFFFFFFFFFFFFFFTTFFFFFFFFFFFFFFFFFFTTFFFFFFFFFFFFFFFFFFTTTTTTTFFFFFFFFFFFFFTTFFFFFFFFFFFFFFFFFFTTFFFFFFFFFFFFFFFFFFTTFFFFFFFFFFFFFFFFFFTTFFFFFFFFFFFFFFFFFFTTFFFFFFFFFFFFFFFFFFTTFFFFFFFFFFFFFFFFFFTTFFFFFFFFFFFFFFFFFFTTTTTTTTTTTTTTTTTTTTTTFTFTFTFTTTTTTTTTTTTTTTTTTTTTTTTTTTTTTTT,20,16,5,6,5,12,13,6,13,12,True,True,False,True,True,True,True,True,True,FFFFFFFFFFFFFFFFFFFFFFFFFFFFFFFFFFFFFFFFFFFFFFFFFFFFFFFFFFFFFFFFFFFFFFFFFFFFFFFFFFFFFFFFFFFFFFFFFFFFFFFFFFFFFFFFFFFFFFFFFFFFFFFFFFFFFFFFFFTFFFFFFFFFFFFFFFFFFFFFFFFFFFFFFFFFFFFFFFFFFFFFFFFFFFFFFFFFFFFFFFFFFFFFFFFFFFFFFFFFFFFFFFFFFFFFFFFFFFFFFFFFFFFFFFFFFFFFFFFFFFFFFFFFFFFFFFFFFFFFFFFFFFFFFFFFFFFFFFFFFFFFFFFFFFFFFFFFFFFF,-43,
18,12,North,Stop,Stop,Stop,Stop,19,Stop,Stop,Stop,TTTTTTTTTTTTTTTTTTTTTFFFFFFFFFFFFFFFFFFTTFFFFFFFFFFFFFFFFFFTTFFFFFFFFFFFFFFFFFFTTFFFFFFFFFFFFFFFFFFTTTTTTTFFFFFFFFFFFFFTTFFFFFFFFFFFFFFFFFFTTFFFFFFFFFFFFFFFFFFTTFFFFFFFFFFFFFFFFFFTTFFFFFFFFFFFFFFFFFFTTFFFFFFFFFFFFFFFFFFTTFFFFFFFFFFFFFFFFFFTTFFFFFFFFFFFFFFFFFFTTTTTTTTTTTTTTTTTTTTTTFTFTFTFTTTTTTTTTTTTTTTTTTTTTTTTTTTTTTTT,20,16,5,6,5,12,13,6,13,12,True,True,False,True,True,True,True,True,True,FFFFFFFFFFFFFFFFFFFFFFFFFFFFFFFFFFFFFFFFFFFFFFFFFFFFFFFFFFFFFFFFFFFFFFFFFFFFFFFFFFFFFFFFFFFFFFFFFFFFFFFFFFFFFFFFFFFFFFFFFFFFFFFFFFFFFFFFFFTFFFFFFFFFFFFFFFFFFFFFFFFFFFFFFFFFFFFFFFFFFFFFFFFFFFFFFFFFFFFFFFFFFFFFFFFFFFFFFFFFFFFFFFFFFFFFFFFFFFFFFFFFFFFFFFFFFFFFFFFFFFFFFFFFFFFFFFFFFFFFFFFFFFFFFFFFFFFFFFFFFFFFFFFFFFFFFFFFFFFF,-44,
17,12,West,Stop,Stop,Stop,Stop,18,Stop,Stop,Stop,TTTTTTTTTTTTTTTTTTTTTFFFFFFFFFFFFFFFFFFTTFFFFFFFFFFFFFFFFFFTTFFFFFFFFFFFFFFFFFFTTFFFFFFFFFFFFFFFFFFTTTTTTTFFFFFFFFFFFFFTTFFFFFFFFFFFFFFFFFFTTFFFFFFFFFFFFFFFFFFTTFFFFFFFFFFFFFFFFFFTTFFFFFFFFFFFFFFFFFFTTFFFFFFFFFFFFFFFFFFTTFFFFFFFFFFFFFFFFFFTTFFFFFFFFFFFFFFFFFFTTTTTTTTTTTTTTTTTTTTTTFTFTFTFTTTTTTTTTTTTTTTTTTTTTTTTTTTTTTTT,20,16,5,6,5,12,13,6,13,12,True,True,True,True,True,True,True,True,True,FFFFFFFFFFFFFFFFFFFFFFFFFFFFFFFFFFFFFFFFFFFFFFFFFFFFFFFFFFFFFFFFFFFFFFFFFFFFFFFFFFFFFFFFFFFFFFFFFFFFFFFFFFFFFFFFFFFFFFFFFFFFFFFFFFFFFFFFFFTFFFFFFFFFFFFFFFFFFFFFFFFFFFFFFFFFFFFFFFFFFFFFFFFFFFFFFFFFFFFFFFFFFFFFFFFFFFFFFFFFFFFFFFFFFFFFFFFFFFFFFFFFFFFFFFFFFFFFFFFFFFFFFFFFFFFFFFFFFFFFFFFFFFFFFFFFFFFFFFFFFFFFFFFFFFFFFFFFFFFF,-45,
16,12,West,Stop,Stop,Stop,Stop,17,Stop,Stop,Stop,TTTTTTTTTTTTTTTTTTTTTFFFFFFFFFFFFFFFFFFTTFFFFFFFFFFFFFFFFFFTTFFFFFFFFFFFFFFFFFFTTFFFFFFFFFFFFFFFFFFTTTTTTTFFFFFFFFFFFFFTTFFFFFFFFFFFFFFFFFFTTFFFFFFFFFFFFFFFFFFTTFFFFFFFFFFFFFFFFFFTTFFFFFFFFFFFFFFFFFFTTFFFFFFFFFFFFFFFFFFTTFFFFFFFFFFFFFFFFFFTTFFFFFFFFFFFFFFFFFFTTTTTTTTTTTTTTTTTTTTTTFTFTFTFTTTTTTTTTTTTTTTTTTTTTTTTTTTTTTTT,20,16,5,6,5,12,13,6,13,12,True,True,True,True,True,True,True,True,True,FFFFFFFFFFFFFFFFFFFFFFFFFFFFFFFFFFFFFFFFFFFFFFFFFFFFFFFFFFFFFFFFFFFFFFFFFFFFFFFFFFFFFFFFFFFFFFFFFFFFFFFFFFFFFFFFFFFFFFFFFFFFFFFFFFFFFFFFFFTFFFFFFFFFFFFFFFFFFFFFFFFFFFFFFFFFFFFFFFFFFFFFFFFFFFFFFFFFFFFFFFFFFFFFFFFFFFFFFFFFFFFFFFFFFFFFFFFFFFFFFFFFFFFFFFFFFFFFFFFFFFFFFFFFFFFFFFFFFFFFFFFFFFFFFFFFFFFFFFFFFFFFFFFFFFFFFFFFFFFF,-46,
16,13,North,Stop,Stop,Stop,Stop,18,Stop,Stop,Stop,TTTTTTTTTTTTTTTTTTTTTFFFFFFFFFFFFFFFFFFTTFFFFFFFFFFFFFFFFFFTTFFFFFFFFFFFFFFFFFFTTFFFFFFFFFFFFFFFFFFTTTTTTTFFFFFFFFFFFFFTTFFFFFFFFFFFFFFFFFFTTFFFFFFFFFFFFFFFFFFTTFFFFFFFFFFFFFFFFFFTTFFFFFFFFFFFFFFFFFFTTFFFFFFFFFFFFFFFFFFTTFFFFFFFFFFFFFFFFFFTTFFFFFFFFFFFFFFFFFFTTTTTTTTTTTTTTTTTTTTTTFTFTFTFTTTTTTTTTTTTTTTTTTTTTTTTTTTTTTTT,20,16,5,6,5,12,13,6,13,12,True,True,True,True,True,True,True,True,True,FFFFFFFFFFFFFFFFFFFFFFFFFFFFFFFFFFFFFFFFFFFFFFFFFFFFFFFFFFFFFFFFFFFFFFFFFFFFFFFFFFFFFFFFFFFFFFFFFFFFFFFFFFFFFFFFFFFFFFFFFFFFFFFFFFFFFFFFFFTFFFFFFFFFFFFFFFFFFFFFFFFFFFFFFFFFFFFFFFFFFFFFFFFFFFFFFFFFFFFFFFFFFFFFFFFFFFFFFFFFFFFFFFFFFFFFFFFFFFFFFFFFFFFFFFFFFFFFFFFFFFFFFFFFFFFFFFFFFFFFFFFFFFFFFFFFFFFFFFFFFFFFFFFFFFFFFFFFFFFF,-47,
15,13,West,Stop,Stop,Stop,Stop,17,Stop,Stop,Stop,TTTTTTTTTTTTTTTTTTTTTFFFFFFFFFFFFFFFFFFTTFFFFFFFFFFFFFFFFFFTTFFFFFFFFFFFFFFFFFFTTFFFFFFFFFFFFFFFFFFTTTTTTTFFFFFFFFFFFFFTTFFFFFFFFFFFFFFFFFFTTFFFFFFFFFFFFFFFFFFTTFFFFFFFFFFFFFFFFFFTTFFFFFFFFFFFFFFFFFFTTFFFFFFFFFFFFFFFFFFTTFFFFFFFFFFFFFFFFFFTTFFFFFFFFFFFFFFFFFFTTTTTTTTTTTTTTTTTTTTTTFTFTFTFTTTTTTTTTTTTTTTTTTTTTTTTTTTTTTTT,20,16,5,6,5,12,13,6,13,12,True,True,True,True,True,True,True,True,True,FFFFFFFFFFFFFFFFFFFFFFFFFFFFFFFFFFFFFFFFFFFFFFFFFFFFFFFFFFFFFFFFFFFFFFFFFFFFFFFFFFFFFFFFFFFFFFFFFFFFFFFFFFFFFFFFFFFFFFFFFFFFFFFFFFFFFFFFFFTFFFFFFFFFFFFFFFFFFFFFFFFFFFFFFFFFFFFFFFFFFFFFFFFFFFFFFFFFFFFFFFFFFFFFFFFFFFFFFFFFFFFFFFFFFFFFFFFFFFFFFFFFFFFFFFFFFFFFFFFFFFFFFFFFFFFFFFFFFFFFFFFFFFFFFFFFFFFFFFFFFFFFFFFFFFFFFFFFFFFF,-48,
15,12,South,Stop,Stop,Stop,Stop,16,Stop,Stop,Stop,TTTTTTTTTTTTTTTTTTTTTFFFFFFFFFFFFFFFFFFTTFFFFFFFFFFFFFFFFFFTTFFFFFFFFFFFFFFFFFFTTFFFFFFFFFFFFFFFFFFTTTTTTTFFFFFFFFFFFFFTTFFFFFFFFFFFFFFFFFFTTFFFFFFFFFFFFFFFFFFTTFFFFFFFFFFFFFFFFFFTTFFFFFFFFFFFFFFFFFFTTFFFFFFFFFFFFFFFFFFTTFFFFFFFFFFFFFFFFFFTTFFFFFFFFFFFFFFFFFFTTTTTTTTTTTTTTTTTTTTTTFTFTFTFTTTTTTTTTTTTTTTTTTTTTTTTTTTTTTTT,20,16,5,6,5,12,13,6,13,12,True,True,True,True,True,True,True,True,True,FFFFFFFFFFFFFFFFFFFFFFFFFFFFFFFFFFFFFFFFFFFFFFFFFFFFFFFFFFFFFFFFFFFFFFFFFFFFFFFFFFFFFFFFFFFFFFFFFFFFFFFFFFFFFFFFFFFFFFFFFFFFFFFFFFFFFFFFFFTFFFFFFFFFFFFFFFFFFFFFFFFFFFFFFFFFFFFFFFFFFFFFFFFFFFFFFFFFFFFFFFFFFFFFFFFFFFFFFFFFFFFFFFFFFFFFFFFFFFFFFFFFFFFFFFFFFFFFFFFFFFFFFFFFFFFFFFFFFFFFFFFFFFFFFFFFFFFFFFFFFFFFFFFFFFFFFFFFFFFF,-49,
15,11,South,Stop,Stop,Stop,Stop,15,Stop,Stop,Stop,TTTTTTTTTTTTTTTTTTTTTFFFFFFFFFFFFFFFFFFTTFFFFFFFFFFFFFFFFFFTTFFFFFFFFFFFFFFFFFFTTFFFFFFFFFFFFFFFFFFTTTTTTTFFFFFFFFFFFFFTTFFFFFFFFFFFFFFFFFFTTFFFFFFFFFFFFFFFFFFTTFFFFFFFFFFFFFFFFFFTTFFFFFFFFFFFFFFFFFFTTFFFFFFFFFFFFFFFFFFTTFFFFFFFFFFFFFFFFFFTTFFFFFFFFFFFFFFFFFFTTTTTTTTTTTTTTTTTTTTTTFTFTFTFTTTTTTTTTTTTTTTTTTTTTTTTTTTTTTTT,20,16,5,6,5,12,13,6,13,12,True,True,True,True,True,True,True,True,True,FFFFFFFFFFFFFFFFFFFFFFFFFFFFFFFFFFFFFFFFFFFFFFFFFFFFFFFFFFFFFFFFFFFFFFFFFFFFFFFFFFFFFFFFFFFFFFFFFFFFFFFFFFFFFFFFFFFFFFFFFFFFFFFFFFFFFFFFFFTFFFFFFFFFFFFFFFFFFFFFFFFFFFFFFFFFFFFFFFFFFFFFFFFFFFFFFFFFFFFFFFFFFFFFFFFFFFFFFFFFFFFFFFFFFFFFFFFFFFFFFFFFFFFFFFFFFFFFFFFFFFFFFFFFFFFFFFFFFFFFFFFFFFFFFFFFFFFFFFFFFFFFFFFFFFFFFFFFFFFF,-50,
16,11,East,Stop,Stop,Stop,Stop,16,Stop,Stop,Stop,TTTTTTTTTTTTTTTTTTTTTFFFFFFFFFFFFFFFFFFTTFFFFFFFFFFFFFFFFFFTTFFFFFFFFFFFFFFFFFFTTFFFFFFFFFFFFFFFFFFTTTTTTTFFFFFFFFFFFFFTTFFFFFFFFFFFFFFFFFFTTFFFFFFFFFFFFFFFFFFTTFFFFFFFFFFFFFFFFFFTTFFFFFFFFFFFFFFFFFFTTFFFFFFFFFFFFFFFFFFTTFFFFFFFFFFFFFFFFFFTTFFFFFFFFFFFFFFFFFFTTTTTTTTTTTTTTTTTTTTTTFTFTFTFTTTTTTTTTTTTTTTTTTTTTTTTTTTTTTTT,20,16,5,6,5,12,13,6,13,12,True,True,True,True,True,True,True,True,True,FFFFFFFFFFFFFFFFFFFFFFFFFFFFFFFFFFFFFFFFFFFFFFFFFFFFFFFFFFFFFFFFFFFFFFFFFFFFFFFFFFFFFFFFFFFFFFFFFFFFFFFFFFFFFFFFFFFFFFFFFFFFFFFFFFFFFFFFFFTFFFFFFFFFFFFFFFFFFFFFFFFFFFFFFFFFFFFFFFFFFFFFFFFFFFFFFFFFFFFFFFFFFFFFFFFFFFFFFFFFFFFFFFFFFFFFFFFFFFFFFFFFFFFFFFFFFFFFFFFFFFFFFFFFFFFFFFFFFFFFFFFFFFFFFFFFFFFFFFFFFFFFFFFFFFFFFFFFFFFF,-51,
15,11,West,Stop,Stop,Stop,Stop,15,Stop,Stop,Stop,TTTTTTTTTTTTTTTTTTTTTFFFFFFFFFFFFFFFFFFTTFFFFFFFFFFFFFFFFFFTTFFFFFFFFFFFFFFFFFFTTFFFFFFFFFFFFFFFFFFTTTTTTTFFFFFFFFFFFFFTTFFFFFFFFFFFFFFFFFFTTFFFFFFFFFFFFFFFFFFTTFFFFFFFFFFFFFFFFFFTTFFFFFFFFFFFFFFFFFFTTFFFFFFFFFFFFFFFFFFTTFFFFFFFFFFFFFFFFFFTTFFFFFFFFFFFFFFFFFFTTTTTTTTTTTTTTTTTTTTTTFTFTFTFTTTTTTTTTTTTTTTTTTTTTTTTTTTTTTTT,20,16,5,6,5,12,13,6,13,12,True,True,True,True,True,True,True,True,True,FFFFFFFFFFFFFFFFFFFFFFFFFFFFFFFFFFFFFFFFFFFFFFFFFFFFFFFFFFFFFFFFFFFFFFFFFFFFFFFFFFFFFFFFFFFFFFFFFFFFFFFFFFFFFFFFFFFFFFFFFFFFFFFFFFFFFFFFFFTFFFFFFFFFFFFFFFFFFFFFFFFFFFFFFFFFFFFFFFFFFFFFFFFFFFFFFFFFFFFFFFFFFFFFFFFFFFFFFFFFFFFFFFFFFFFFFFFFFFFFFFFFFFFFFFFFFFFFFFFFFFFFFFFFFFFFFFFFFFFFFFFFFFFFFFFFFFFFFFFFFFFFFFFFFFFFFFFFFFFF,-52,
15,10,South,Stop,Stop,Stop,Stop,14,Stop,Stop,Stop,TTTTTTTTTTTTTTTTTTTTTFFFFFFFFFFFFFFFFFFTTFFFFFFFFFFFFFFFFFFTTFFFFFFFFFFFFFFFFFFTTFFFFFFFFFFFFFFFFFFTTTTTTTFFFFFFFFFFFFFTTFFFFFFFFFFFFFFFFFFTTFFFFFFFFFFFFFFFFFFTTFFFFFFFFFFFFFFFFFFTTFFFFFFFFFFFFFFFFFFTTFFFFFFFFFFFFFFFFFFTTFFFFFFFFFFFFFFFFFFTTFFFFFFFFFFFFFFFFFFTTTTTTTTTTTTTTTTTTTTTTFTFTFTFTTTTTTTTTTTTTTTTTTTTTTTTTTTTTTTT,20,16,5,6,5,12,13,6,13,12,True,True,True,True,True,True,True,True,True,FFFFFFFFFFFFFFFFFFFFFFFFFFFFFFFFFFFFFFFFFFFFFFFFFFFFFFFFFFFFFFFFFFFFFFFFFFFFFFFFFFFFFFFFFFFFFFFFFFFFFFFFFFFFFFFFFFFFFFFFFFFFFFFFFFFFFFFFFFTFFFFFFFFFFFFFFFFFFFFFFFFFFFFFFFFFFFFFFFFFFFFFFFFFFFFFFFFFFFFFFFFFFFFFFFFFFFFFFFFFFFFFFFFFFFFFFFFFFFFFFFFFFFFFFFFFFFFFFFFFFFFFFFFFFFFFFFFFFFFFFFFFFFFFFFFFFFFFFFFFFFFFFFFFFFFFFFFFFFFF,-53,
14,10,West,Stop,Stop,Stop,Stop,13,Stop,Stop,Stop,TTTTTTTTTTTTTTTTTTTTTFFFFFFFFFFFFFFFFFFTTFFFFFFFFFFFFFFFFFFTTFFFFFFFFFFFFFFFFFFTTFFFFFFFFFFFFFFFFFFTTTTTTTFFFFFFFFFFFFFTTFFFFFFFFFFFFFFFFFFTTFFFFFFFFFFFFFFFFFFTTFFFFFFFFFFFFFFFFFFTTFFFFFFFFFFFFFFFFFFTTFFFFFFFFFFFFFFFFFFTTFFFFFFFFFFFFFFFFFFTTFFFFFFFFFFFFFFFFFFTTTTTTTTTTTTTTTTTTTTTTFTFTFTFTTTTTTTTTTTTTTTTTTTTTTTTTTTTTTTT,20,16,5,6,5,12,13,6,13,12,True,True,True,True,True,True,True,True,True,FFFFFFFFFFFFFFFFFFFFFFFFFFFFFFFFFFFFFFFFFFFFFFFFFFFFFFFFFFFFFFFFFFFFFFFFFFFFFFFFFFFFFFFFFFFFFFFFFFFFFFFFFFFFFFFFFFFFFFFFFFFFFFFFFFFFFFFFFFTFFFFFFFFFFFFFFFFFFFFFFFFFFFFFFFFFFFFFFFFFFFFFFFFFFFFFFFFFFFFFFFFFFFFFFFFFFFFFFFFFFFFFFFFFFFFFFFFFFFFFFFFFFFFFFFFFFFFFFFFFFFFFFFFFFFFFFFFFFFFFFFFFFFFFFFFFFFFFFFFFFFFFFFFFFFFFFFFFFFFF,-54,
15,10,East,Stop,Stop,Stop,Stop,14,Stop,Stop,Stop,TTTTTTTTTTTTTTTTTTTTTFFFFFFFFFFFFFFFFFFTTFFFFFFFFFFFFFFFFFFTTFFFFFFFFFFFFFFFFFFTTFFFFFFFFFFFFFFFFFFTTTTTTTFFFFFFFFFFFFFTTFFFFFFFFFFFFFFFFFFTTFFFFFFFFFFFFFFFFFFTTFFFFFFFFFFFFFFFFFFTTFFFFFFFFFFFFFFFFFFTTFFFFFFFFFFFFFFFFFFTTFFFFFFFFFFFFFFFFFFTTFFFFFFFFFFFFFFFFFFTTTTTTTTTTTTTTTTTTTTTTFTFTFTFTTTTTTTTTTTTTTTTTTTTTTTTTTTTTTTT,20,16,5,6,5,12,13,6,13,12,True,True,True,True,True,True,True,True,True,FFFFFFFFFFFFFFFFFFFFFFFFFFFFFFFFFFFFFFFFFFFFFFFFFFFFFFFFFFFFFFFFFFFFFFFFFFFFFFFFFFFFFFFFFFFFFFFFFFFFFFFFFFFFFFFFFFFFFFFFFFFFFFFFFFFFFFFFFFTFFFFFFFFFFFFFFFFFFFFFFFFFFFFFFFFFFFFFFFFFFFFFFFFFFFFFFFFFFFFFFFFFFFFFFFFFFFFFFFFFFFFFFFFFFFFFFFFFFFFFFFFFFFFFFFFFFFFFFFFFFFFFFFFFFFFFFFFFFFFFFFFFFFFFFFFFFFFFFFFFFFFFFFFFFFFFFFFFFFFF,-55,
16,10,East,Stop,Stop,Stop,Stop,15,Stop,Stop,Stop,TTTTTTTTTTTTTTTTTTTTTFFFFFFFFFFFFFFFFFFTTFFFFFFFFFFFFFFFFFFTTFFFFFFFFFFFFFFFFFFTTFFFFFFFFFFFFFFFFFFTTTTTTTFFFFFFFFFFFFFTTFFFFFFFFFFFFFFFFFFTTFFFFFFFFFFFFFFFFFFTTFFFFFFFFFFFFFFFFFFTTFFFFFFFFFFFFFFFFFFTTFFFFFFFFFFFFFFFFFFTTFFFFFFFFFFFFFFFFFFTTFFFFFFFFFFFFFFFFFFTTTTTTTTTTTTTTTTTTTTTTFTFTFTFTTTTTTTTTTTTTTTTTTTTTTTTTTTTTTTT,20,16,5,6,5,12,13,6,13,12,True,True,True,True,True,True,True,True,True,FFFFFFFFFFFFFFFFFFFFFFFFFFFFFFFFFFFFFFFFFFFFFFFFFFFFFFFFFFFFFFFFFFFFFFFFFFFFFFFFFFFFFFFFFFFFFFFFFFFFFFFFFFFFFFFFFFFFFFFFFFFFFFFFFFFFFFFFFFTFFFFFFFFFFFFFFFFFFFFFFFFFFFFFFFFFFFFFFFFFFFFFFFFFFFFFFFFFFFFFFFFFFFFFFFFFFFFFFFFFFFFFFFFFFFFFFFFFFFFFFFFFFFFFFFFFFFFFFFFFFFFFFFFFFFFFFFFFFFFFFFFFFFFFFFFFFFFFFFFFFFFFFFFFFFFFFFFFFFFF,-56,
17,10,East,Stop,Stop,Stop,Stop,16,Stop,Stop,Stop,TTTTTTTTTTTTTTTTTTTTTFFFFFFFFFFFFFFFFFFTTFFFFFFFFFFFFFFFFFFTTFFFFFFFFFFFFFFFFFFTTFFFFFFFFFFFFFFFFFFTTTTTTTFFFFFFFFFFFFFTTFFFFFFFFFFFFFFFFFFTTFFFFFFFFFFFFFFFFFFTTFFFFFFFFFFFFFFFFFFTTFFFFFFFFFFFFFFFFFFTTFFFFFFFFFFFFFFFFFFTTFFFFFFFFFFFFFFFFFFTTFFFFFFFFFFFFFFFFFFTTTTTTTTTTTTTTTTTTTTTTFTFTFTFTTTTTTTTTTTTTTTTTTTTTTTTTTTTTTTT,20,16,5,6,5,12,13,6,13,12,True,True,True,True,True,True,True,True,True,FFFFFFFFFFFFFFFFFFFFFFFFFFFFFFFFFFFFFFFFFFFFFFFFFFFFFFFFFFFFFFFFFFFFFFFFFFFFFFFFFFFFFFFFFFFFFFFFFFFFFFFFFFFFFFFFFFFFFFFFFFFFFFFFFFFFFFFFFFTFFFFFFFFFFFFFFFFFFFFFFFFFFFFFFFFFFFFFFFFFFFFFFFFFFFFFFFFFFFFFFFFFFFFFFFFFFFFFFFFFFFFFFFFFFFFFFFFFFFFFFFFFFFFFFFFFFFFFFFFFFFFFFFFFFFFFFFFFFFFFFFFFFFFFFFFFFFFFFFFFFFFFFFFFFFFFFFFFFFFF,-57,
18,10,East,Stop,Stop,Stop,Stop,17,Stop,Stop,Stop,TTTTTTTTTTTTTTTTTTTTTFFFFFFFFFFFFFFFFFFTTFFFFFFFFFFFFFFFFFFTTFFFFFFFFFFFFFFFFFFTTFFFFFFFFFFFFFFFFFFTTTTTTTFFFFFFFFFFFFFTTFFFFFFFFFFFFFFFFFFTTFFFFFFFFFFFFFFFFFFTTFFFFFFFFFFFFFFFFFFTTFFFFFFFFFFFFFFFFFFTTFFFFFFFFFFFFFFFFFFTTFFFFFFFFFFFFFFFFFFTTFFFFFFFFFFFFFFFFFFTTTTTTTTTTTTTTTTTTTTTTFTFTFTFTTTTTTTTTTTTTTTTTTTTTTTTTTTTTTTT,20,16,5,6,5,12,13,6,13,12,True,True,False,True,True,True,True,True,True,FFFFFFFFFFFFFFFFFFFFFFFFFFFFFFFFFFFFFFFFFFFFFFFFFFFFFFFFFFFFFFFFFFFFFFFFFFFFFFFFFFFFFFFFFFFFFFFFFFFFFFFFFFFFFFFFFFFFFFFFFFFFFFFFFFFFFFFFFFTFFFFFFFFFFFFFFFFFFFFFFFFFFFFFFFFFFFFFFFFFFFFFFFFFFFFFFFFFFFFFFFFFFFFFFFFFFFFFFFFFFFFFFFFFFFFFFFFFFFFFFFFFFFFFFFFFFFFFFFFFFFFFFFFFFFFFFFFFFFFFFFFFFFFFFFFFFFFFFFFFFFFFFFFFFFFFFFFFFFFF,-58,
18,9,South,Stop,Stop,Stop,Stop,16,Stop,Stop,Stop,TTTTTTTTTTTTTTTTTTTTTFFFFFFFFFFFFFFFFFFTTFFFFFFFFFFFFFFFFFFTTFFFFFFFFFFFFFFFFFFTTFFFFFFFFFFFFFFFFFFTTTTTTTFFFFFFFFFFFFFTTFFFFFFFFFFFFFFFFFFTTFFFFFFFFFFFFFFFFFFTTFFFFFFFFFFFFFFFFFFTTFFFFFFFFFFFFFFFFFFTTFFFFFFFFFFFFFFFFFFTTFFFFFFFFFFFFFFFFFFTTFFFFFFFFFFFFFFFFFFTTTTTTTTTTTTTTTTTTTTTTFTFTFTFTTTTTTTTTTTTTTTTTTTTTTTTTTTTTTTT,20,16,5,6,5,12,13,6,13,12,True,True,False,True,True,True,True,True,True,FFFFFFFFFFFFFFFFFFFFFFFFFFFFFFFFFFFFFFFFFFFFFFFFFFFFFFFFFFFFFFFFFFFFFFFFFFFFFFFFFFFFFFFFFFFFFFFFFFFFFFFFFFFFFFFFFFFFFFFFFFFFFFFFFFFFFFFFFFFFFFFFFFFFFFFFFFFFFFFFFFFFFFFFFFFFFFFFFFFFFFFFFFFFFFFFFFFFFFFFFFFFFFFFFFFFFFFFFFFFFFFFFFFFFFFFFFFFFFFFFFFFFFFFFFFFFFFFFFFFFFFFFFFFFFFFFFFFFFFFFFFFFFFFFFFFFFFFFFFFFFFFFFFFFFFFFFFFFFFF,41,
18,10,North,Stop,Stop,Stop,Stop,17,Stop,Stop,Stop,TTTTTTTTTTTTTTTTTTTTTFFFFFFFFFFFFFFFFFFTTFFFFFFFFFFFFFFFFFFTTFFFFFFFFFFFFFFFFFFTTFFFFFFFFFFFFFFFFFFTTTTTTTFFFFFFFFFFFFFTTFFFFFFFFFFFFFFFFFFTTFFFFFFFFFFFFFFFFFFTTFFFFFFFFFFFFFFFFFFTTFFFFFFFFFFFFFFFFFFTTFFFFFFFFFFFFFFFFFFTTFFFFFFFFFFFFFFFFFFTTFFFFFFFFFFFFFFFFFFTTTTTTTTTTTTTTTTTTTTTTFTFTFTFTTTTTTTTTTTTTTTTTTTTTTTTTTTTTTTT,20,16,5,6,5,12,13,6,13,12,True,True,False,True,True,True,True,True,True,FFFFFFFFFFFFFFFFFFFFFFFFFFFFFFFFFFFFFFFFFFFFFFFFFFFFFFFFFFFFFFFFFFFFFFFFFFFFFFFFFFFFFFFFFFFFFFFFFFFFFFFFFFFFFFFFFFFFFFFFFFFFFFFFFFFFFFFFFFFFFFFFFFFFFFFFFFFFFFFFFFFFFFFFFFFFFFFFFFFFFFFFFFFFFFFFFFFFFFFFFFFFFFFFFFFFFFFFFFFFFFFFFFFFFFFFFFFFFFFFFFFFFFFFFFFFFFFFFFFFFFFFFFFFFFFFFFFFFFFFFFFFFFFFFFFFFFFFFFFFFFFFFFFFFFFFFFFFFFFF,40,
18,9,South,Stop,Stop,Stop,Stop,16,Stop,Stop,Stop,TTTTTTTTTTTTTTTTTTTTTFFFFFFFFFFFFFFFFFFTTFFFFFFFFFFFFFFFFFFTTFFFFFFFFFFFFFFFFFFTTFFFFFFFFFFFFFFFFFFTTTTTTTFFFFFFFFFFFFFTTFFFFFFFFFFFFFFFFFFTTFFFFFFFFFFFFFFFFFFTTFFFFFFFFFFFFFFFFFFTTFFFFFFFFFFFFFFFFFFTTFFFFFFFFFFFFFFFFFFTTFFFFFFFFFFFFFFFFFFTTFFFFFFFFFFFFFFFFFFTTTTTTTTTTTTTTTTTTTTTTFTFTFTFTTTTTTTTTTTTTTTTTTTTTTTTTTTTTTTT,20,16,5,6,5,12,13,6,13,12,True,True,False,True,True,True,True,True,True,FFFFFFFFFFFFFFFFFFFFFFFFFFFFFFFFFFFFFFFFFFFFFFFFFFFFFFFFFFFFFFFFFFFFFFFFFFFFFFFFFFFFFFFFFFFFFFFFFFFFFFFFFFFFFFFFFFFFFFFFFFFFFFFFFFFFFFFFFFFFFFFFFFFFFFFFFFFFFFFFFFFFFFFFFFFFFFFFFFFFFFFFFFFFFFFFFFFFFFFFFFFFFFFFFFFFFFFFFFFFFFFFFFFFFFFFFFFFFFFFFFFFFFFFFFFFFFFFFFFFFFFFFFFFFFFFFFFFFFFFFFFFFFFFFFFFFFFFFFFFFFFFFFFFFFFFFFFFFFFF,39,
18,8,South,Stop,Stop,Stop,Stop,15,Stop,Stop,Stop,TTTTTTTTTTTTTTTTTTTTTFFFFFFFFFFFFFFFFFFTTFFFFFFFFFFFFFFFFFFTTFFFFFFFFFFFFFFFFFFTTFFFFFFFFFFFFFFFFFFTTTTTTTFFFFFFFFFFFFFTTFFFFFFFFFFFFFFFFFFTTFFFFFFFFFFFFFFFFFFTTFFFFFFFFFFFFFFFFFFTTFFFFFFFFFFFFFFFFFFTTFFFFFFFFFFFFFFFFFFTTFFFFFFFFFFFFFFFFFFTTFFFFFFFFFFFFFFFFFFTTTTTTTTTTTTTTTTTTTTTTFTFTFTFTTTTTTTTTTTTTTTTTTTTTTTTTTTTTTTT,20,16,5,6,5,12,13,6,13,12,True,True,False,True,True,True,True,True,True,FFFFFFFFFFFFFFFFFFFFFFFFFFFFFFFFFFFFFFFFFFFFFFFFFFFFFFFFFFFFFFFFFFFFFFFFFFFFFFFFFFFFFFFFFFFFFFFFFFFFFFFFFFFFFFFFFFFFFFFFFFFFFFFFFFFFFFFFFFFFFFFFFFFFFFFFFFFFFFFFFFFFFFFFFFFFFFFFFFFFFFFFFFFFFFFFFFFFFFFFFFFFFFFFFFFFFFFFFFFFFFFFFFFFFFFFFFFFFFFFFFFFFFFFFFFFFFFFFFFFFFFFFFFFFFFFFFFFFFFFFFFFFFFFFFFFFFFFFFFFFFFFFFFFFFFFFFFFFFFF,38,
18,9,North,Stop,Stop,Stop,Stop,16,Stop,Stop,Stop,TTTTTTTTTTTTTTTTTTTTTFFFFFFFFFFFFFFFFFFTTFFFFFFFFFFFFFFFFFFTTFFFFFFFFFFFFFFFFFFTTFFFFFFFFFFFFFFFFFFTTTTTTTFFFFFFFFFFFFFTTFFFFFFFFFFFFFFFFFFTTFFFFFFFFFFFFFFFFFFTTFFFFFFFFFFFFFFFFFFTTFFFFFFFFFFFFFFFFFFTTFFFFFFFFFFFFFFFFFFTTFFFFFFFFFFFFFFFFFFTTFFFFFFFFFFFFFFFFFFTTTTTTTTTTTTTTTTTTTTTTFTFTFTFTTTTTTTTTTTTTTTTTTTTTTTTTTTTTTTT,20,16,5,6,5,12,13,6,13,12,True,True,False,True,True,True,True,True,True,FFFFFFFFFFFFFFFFFFFFFFFFFFFFFFFFFFFFFFFFFFFFFFFFFFFFFFFFFFFFFFFFFFFFFFFFFFFFFFFFFFFFFFFFFFFFFFFFFFFFFFFFFFFFFFFFFFFFFFFFFFFFFFFFFFFFFFFFFFFFFFFFFFFFFFFFFFFFFFFFFFFFFFFFFFFFFFFFFFFFFFFFFFFFFFFFFFFFFFFFFFFFFFFFFFFFFFFFFFFFFFFFFFFFFFFFFFFFFFFFFFFFFFFFFFFFFFFFFFFFFFFFFFFFFFFFFFFFFFFFFFFFFFFFFFFFFFFFFFFFFFFFFFFFFFFFFFFFFFFF,37,
17,9,West,Stop,Stop,Stop,Stop,15,Stop,Stop,Stop,TTTTTTTTTTTTTTTTTTTTTFFFFFFFFFFFFFFFFFFTTFFFFFFFFFFFFFFFFFFTTFFFFFFFFFFFFFFFFFFTTFFFFFFFFFFFFFFFFFFTTTTTTTFFFFFFFFFFFFFTTFFFFFFFFFFFFFFFFFFTTFFFFFFFFFFFFFFFFFFTTFFFFFFFFFFFFFFFFFFTTFFFFFFFFFFFFFFFFFFTTFFFFFFFFFFFFFFFFFFTTFFFFFFFFFFFFFFFFFFTTFFFFFFFFFFFFFFFFFFTTTTTTTTTTTTTTTTTTTTTTFTFTFTFTTTTTTTTTTTTTTTTTTTTTTTTTTTTTTTT,20,16,5,6,5,12,13,6,13,12,True,True,True,True,True,True,True,True,True,FFFFFFFFFFFFFFFFFFFFFFFFFFFFFFFFFFFFFFFFFFFFFFFFFFFFFFFFFFFFFFFFFFFFFFFFFFFFFFFFFFFFFFFFFFFFFFFFFFFFFFFFFFFFFFFFFFFFFFFFFFFFFFFFFFFFFFFFFFFFFFFFFFFFFFFFFFFFFFFFFFFFFFFFFFFFFFFFFFFFFFFFFFFFFFFFFFFFFFFFFFFFFFFFFFFFFFFFFFFFFFFFFFFFFFFFFFFFFFFFFFFFFFFFFFFFFFFFFFFFFFFFFFFFFFFFFFFFFFFFFFFFFFFFFFFFFFFFFFFFFFFFFFFFFFFFFFFFFFFF,36,
17,8,South,Stop,Stop,Stop,Stop,14,Stop,Stop,Stop,TTTTTTTTTTTTTTTTTTTTTFFFFFFFFFFFFFFFFFFTTFFFFFFFFFFFFFFFFFFTTFFFFFFFFFFFFFFFFFFTTFFFFFFFFFFFFFFFFFFTTTTTTTFFFFFFFFFFFFFTTFFFFFFFFFFFFFFFFFFTTFFFFFFFFFFFFFFFFFFTTFFFFFFFFFFFFFFFFFFTTFFFFFFFFFFFFFFFFFFTTFFFFFFFFFFFFFFFFFFTTFFFFFFFFFFFFFFFFFFTTFFFFFFFFFFFFFFFFFFTTTTTTTTTTTTTTTTTTTTTTFTFTFTFTTTTTTTTTTTTTTTTTTTTTTTTTTTTTTTT,20,16,5,6,5,12,13,6,13,12,True,True,True,True,True,True,True,True,True,FFFFFFFFFFFFFFFFFFFFFFFFFFFFFFFFFFFFFFFFFFFFFFFFFFFFFFFFFFFFFFFFFFFFFFFFFFFFFFFFFFFFFFFFFFFFFFFFFFFFFFFFFFFFFFFFFFFFFFFFFFFFFFFFFFFFFFFFFFFFFFFFFFFFFFFFFFFFFFFFFFFFFFFFFFFFFFFFFFFFFFFFFFFFFFFFFFFFFFFFFFFFFFFFFFFFFFFFFFFFFFFFFFFFFFFFFFFFFFFFFFFFFFFFFFFFFFFFFFFFFFFFFFFFFFFFFFFFFFFFFFFFFFFFFFFFFFFFFFFFFFFFFFFFFFFFFFFFFFFF,35,
17,9,North,Stop,Stop,Stop,Stop,15,Stop,Stop,Stop,TTTTTTTTTTTTTTTTTTTTTFFFFFFFFFFFFFFFFFFTTFFFFFFFFFFFFFFFFFFTTFFFFFFFFFFFFFFFFFFTTFFFFFFFFFFFFFFFFFFTTTTTTTFFFFFFFFFFFFFTTFFFFFFFFFFFFFFFFFFTTFFFFFFFFFFFFFFFFFFTTFFFFFFFFFFFFFFFFFFTTFFFFFFFFFFFFFFFFFFTTFFFFFFFFFFFFFFFFFFTTFFFFFFFFFFFFFFFFFFTTFFFFFFFFFFFFFFFFFFTTTTTTTTTTTTTTTTTTTTTTFTFTFTFTTTTTTTTTTTTTTTTTTTTTTTTTTTTTTTT,20,16,5,6,5,12,13,6,13,12,True,True,True,True,True,True,True,True,True,FFFFFFFFFFFFFFFFFFFFFFFFFFFFFFFFFFFFFFFFFFFFFFFFFFFFFFFFFFFFFFFFFFFFFFFFFFFFFFFFFFFFFFFFFFFFFFFFFFFFFFFFFFFFFFFFFFFFFFFFFFFFFFFFFFFFFFFFFFFFFFFFFFFFFFFFFFFFFFFFFFFFFFFFFFFFFFFFFFFFFFFFFFFFFFFFFFFFFFFFFFFFFFFFFFFFFFFFFFFFFFFFFFFFFFFFFFFFFFFFFFFFFFFFFFFFFFFFFFFFFFFFFFFFFFFFFFFFFFFFFFFFFFFFFFFFFFFFFFFFFFFFFFFFFFFFFFFFFFFF,34,
16,9,West,Stop,Stop,Stop,Stop,14,Stop,Stop,Stop,TTTTTTTTTTTTTTTTTTTTTFFFFFFFFFFFFFFFFFFTTFFFFFFFFFFFFFFFFFFTTFFFFFFFFFFFFFFFFFFTTFFFFFFFFFFFFFFFFFFTTTTTTTFFFFFFFFFFFFFTTFFFFFFFFFFFFFFFFFFTTFFFFFFFFFFFFFFFFFFTTFFFFFFFFFFFFFFFFFFTTFFFFFFFFFFFFFFFFFFTTFFFFFFFFFFFFFFFFFFTTFFFFFFFFFFFFFFFFFFTTFFFFFFFFFFFFFFFFFFTTTTTTTTTTTTTTTTTTTTTTFTFTFTFTTTTTTTTTTTTTTTTTTTTTTTTTTTTTTTT,20,16,5,6,5,12,13,6,13,12,True,True,True,True,True,True,True,True,True,FFFFFFFFFFFFFFFFFFFFFFFFFFFFFFFFFFFFFFFFFFFFFFFFFFFFFFFFFFFFFFFFFFFFFFFFFFFFFFFFFFFFFFFFFFFFFFFFFFFFFFFFFFFFFFFFFFFFFFFFFFFFFFFFFFFFFFFFFFFFFFFFFFFFFFFFFFFFFFFFFFFFFFFFFFFFFFFFFFFFFFFFFFFFFFFFFFFFFFFFFFFFFFFFFFFFFFFFFFFFFFFFFFFFFFFFFFFFFFFFFFFFFFFFFFFFFFFFFFFFFFFFFFFFFFFFFFFFFFFFFFFFFFFFFFFFFFFFFFFFFFFFFFFFFFFFFFFFFFFF,33,
15,9,West,Stop,Stop,Stop,Stop,13,Stop,Stop,Stop,TTTTTTTTTTTTTTTTTTTTTFFFFFFFFFFFFFFFFFFTTFFFFFFFFFFFFFFFFFFTTFFFFFFFFFFFFFFFFFFTTFFFFFFFFFFFFFFFFFFTTTTTTTFFFFFFFFFFFFFTTFFFFFFFFFFFFFFFFFFTTFFFFFFFFFFFFFFFFFFTTFFFFFFFFFFFFFFFFFFTTFFFFFFFFFFFFFFFFFFTTFFFFFFFFFFFFFFFFFFTTFFFFFFFFFFFFFFFFFFTTFFFFFFFFFFFFFFFFFFTTTTTTTTTTTTTTTTTTTTTTFTFTFTFTTTTTTTTTTTTTTTTTTTTTTTTTTTTTTTT,20,16,5,6,5,12,13,6,13,12,True,True,True,True,True,True,True,True,True,FFFFFFFFFFFFFFFFFFFFFFFFFFFFFFFFFFFFFFFFFFFFFFFFFFFFFFFFFFFFFFFFFFFFFFFFFFFFFFFFFFFFFFFFFFFFFFFFFFFFFFFFFFFFFFFFFFFFFFFFFFFFFFFFFFFFFFFFFFFFFFFFFFFFFFFFFFFFFFFFFFFFFFFFFFFFFFFFFFFFFFFFFFFFFFFFFFFFFFFFFFFFFFFFFFFFFFFFFFFFFFFFFFFFFFFFFFFFFFFFFFFFFFFFFFFFFFFFFFFFFFFFFFFFFFFFFFFFFFFFFFFFFFFFFFFFFFFFFFFFFFFFFFFFFFFFFFFFFFFF,32,
15,10,North,Stop,Stop,Stop,Stop,14,Stop,Stop,Stop,TTTTTTTTTTTTTTTTTTTTTFFFFFFFFFFFFFFFFFFTTFFFFFFFFFFFFFFFFFFTTFFFFFFFFFFFFFFFFFFTTFFFFFFFFFFFFFFFFFFTTTTTTTFFFFFFFFFFFFFTTFFFFFFFFFFFFFFFFFFTTFFFFFFFFFFFFFFFFFFTTFFFFFFFFFFFFFFFFFFTTFFFFFFFFFFFFFFFFFFTTFFFFFFFFFFFFFFFFFFTTFFFFFFFFFFFFFFFFFFTTFFFFFFFFFFFFFFFFFFTTTTTTTTTTTTTTTTTTTTTTFTFTFTFTTTTTTTTTTTTTTTTTTTTTTTTTTTTTTTT,20,16,5,6,5,12,13,6,13,12,True,True,True,True,True,True,True,True,True,FFFFFFFFFFFFFFFFFFFFFFFFFFFFFFFFFFFFFFFFFFFFFFFFFFFFFFFFFFFFFFFFFFFFFFFFFFFFFFFFFFFFFFFFFFFFFFFFFFFFFFFFFFFFFFFFFFFFFFFFFFFFFFFFFFFFFFFFFFFFFFFFFFFFFFFFFFFFFFFFFFFFFFFFFFFFFFFFFFFFFFFFFFFFFFFFFFFFFFFFFFFFFFFFFFFFFFFFFFFFFFFFFFFFFFFFFFFFFFFFFFFFFFFFFFFFFFFFFFFFFFFFFFFFFFFFFFFFFFFFFFFFFFFFFFFFFFFFFFFFFFFFFFFFFFFFFFFFFFFF,31,
15,9,South,Stop,Stop,Stop,Stop,13,Stop,Stop,Stop,TTTTTTTTTTTTTTTTTTTTTFFFFFFFFFFFFFFFFFFTTFFFFFFFFFFFFFFFFFFTTFFFFFFFFFFFFFFFFFFTTFFFFFFFFFFFFFFFFFFTTTTTTTFFFFFFFFFFFFFTTFFFFFFFFFFFFFFFFFFTTFFFFFFFFFFFFFFFFFFTTFFFFFFFFFFFFFFFFFFTTFFFFFFFFFFFFFFFFFFTTFFFFFFFFFFFFFFFFFFTTFFFFFFFFFFFFFFFFFFTTFFFFFFFFFFFFFFFFFFTTTTTTTTTTTTTTTTTTTTTTFTFTFTFTTTTTTTTTTTTTTTTTTTTTTTTTTTTTTTT,20,16,5,6,5,12,13,6,13,12,True,True,True,True,True,True,True,True,True,FFFFFFFFFFFFFFFFFFFFFFFFFFFFFFFFFFFFFFFFFFFFFFFFFFFFFFFFFFFFFFFFFFFFFFFFFFFFFFFFFFFFFFFFFFFFFFFFFFFFFFFFFFFFFFFFFFFFFFFFFFFFFFFFFFFFFFFFFFFFFFFFFFFFFFFFFFFFFFFFFFFFFFFFFFFFFFFFFFFFFFFFFFFFFFFFFFFFFFFFFFFFFFFFFFFFFFFFFFFFFFFFFFFFFFFFFFFFFFFFFFFFFFFFFFFFFFFFFFFFFFFFFFFFFFFFFFFFFFFFFFFFFFFFFFFFFFFFFFFFFFFFFFFFFFFFFFFFFFFF,30,
15,10,North,Stop,Stop,Stop,Stop,14,Stop,Stop,Stop,TTTTTTTTTTTTTTTTTTTTTFFFFFFFFFFFFFFFFFFTTFFFFFFFFFFFFFFFFFFTTFFFFFFFFFFFFFFFFFFTTFFFFFFFFFFFFFFFFFFTTTTTTTFFFFFFFFFFFFFTTFFFFFFFFFFFFFFFFFFTTFFFFFFFFFFFFFFFFFFTTFFFFFFFFFFFFFFFFFFTTFFFFFFFFFFFFFFFFFFTTFFFFFFFFFFFFFFFFFFTTFFFFFFFFFFFFFFFFFFTTFFFFFFFFFFFFFFFFFFTTTTTTTTTTTTTTTTTTTTTTFTFTFTFTTTTTTTTTTTTTTTTTTTTTTTTTTTTTTTT,20,16,5,6,5,12,13,6,13,12,True,True,True,True,True,True,True,True,True,FFFFFFFFFFFFFFFFFFFFFFFFFFFFFFFFFFFFFFFFFFFFFFFFFFFFFFFFFFFFFFFFFFFFFFFFFFFFFFFFFFFFFFFFFFFFFFFFFFFFFFFFFFFFFFFFFFFFFFFFFFFFFFFFFFFFFFFFFFFFFFFFFFFFFFFFFFFFFFFFFFFFFFFFFFFFFFFFFFFFFFFFFFFFFFFFFFFFFFFFFFFFFFFFFFFFFFFFFFFFFFFFFFFFFFFFFFFFFFFFFFFFFFFFFFFFFFFFFFFFFFFFFFFFFFFFFFFFFFFFFFFFFFFFFFFFFFFFFFFFFFFFFFFFFFFFFFFFFFFF,29,
14,10,West,Stop,Stop,Stop,Stop,13,Stop,Stop,Stop,TTTTTTTTTTTTTTTTTTTTTFFFFFFFFFFFFFFFFFFTTFFFFFFFFFFFFFFFFFFTTFFFFFFFFFFFFFFFFFFTTFFFFFFFFFFFFFFFFFFTTTTTTTFFFFFFFFFFFFFTTFFFFFFFFFFFFFFFFFFTTFFFFFFFFFFFFFFFFFFTTFFFFFFFFFFFFFFFFFFTTFFFFFFFFFFFFFFFFFFTTFFFFFFFFFFFFFFFFFFTTFFFFFFFFFFFFFFFFFFTTFFFFFFFFFFFFFFFFFFTTTTTTTTTTTTTTTTTTTTTTFTFTFTFTTTTTTTTTTTTTTTTTTTTTTTTTTTTTTTT,20,16,5,6,5,12,13,6,13,12,True,True,True,True,True,True,True,True,True,FFFFFFFFFFFFFFFFFFFFFFFFFFFFFFFFFFFFFFFFFFFFFFFFFFFFFFFFFFFFFFFFFFFFFFFFFFFFFFFFFFFFFFFFFFFFFFFFFFFFFFFFFFFFFFFFFFFFFFFFFFFFFFFFFFFFFFFFFFFFFFFFFFFFFFFFFFFFFFFFFFFFFFFFFFFFFFFFFFFFFFFFFFFFFFFFFFFFFFFFFFFFFFFFFFFFFFFFFFFFFFFFFFFFFFFFFFFFFFFFFFFFFFFFFFFFFFFFFFFFFFFFFFFFFFFFFFFFFFFFFFFFFFFFFFFFFFFFFFFFFFFFFFFFFFFFFFFFFFFF,28,
14,11,North,Stop,Stop,Stop,Stop,14,Stop,Stop,Stop,TTTTTTTTTTTTTTTTTTTTTFFFFFFFFFFFFFFFFFFTTFFFFFFFFFFFFFFFFFFTTFFFFFFFFFFFFFFFFFFTTFFFFFFFFFFFFFFFFFFTTTTTTTFFFFFFFFFFFFFTTFFFFFFFFFFFFFFFFFFTTFFFFFFFFFFFFFFFFFFTTFFFFFFFFFFFFFFFFFFTTFFFFFFFFFFFFFFFFFFTTFFFFFFFFFFFFFFFFFFTTFFFFFFFFFFFFFFFFFFTTFFFFFFFFFFFFFFFFFFTTTTTTTTTTTTTTTTTTTTTTFTFTFTFTTTTTTTTTTTTTTTTTTTTTTTTTTTTTTTT,20,16,5,6,5,12,13,6,13,12,True,True,True,True,True,True,True,True,True,FFFFFFFFFFFFFFFFFFFFFFFFFFFFFFFFFFFFFFFFFFFFFFFFFFFFFFFFFFFFFFFFFFFFFFFFFFFFFFFFFFFFFFFFFFFFFFFFFFFFFFFFFFFFFFFFFFFFFFFFFFFFFFFFFFFFFFFFFFFFFFFFFFFFFFFFFFFFFFFFFFFFFFFFFFFFFFFFFFFFFFFFFFFFFFFFFFFFFFFFFFFFFFFFFFFFFFFFFFFFFFFFFFFFFFFFFFFFFFFFFFFFFFFFFFFFFFFFFFFFFFFFFFFFFFFFFFFFFFFFFFFFFFFFFFFFFFFFFFFFFFFFFFFFFFFFFFFFFFFF,27,
15,11,East,Stop,Stop,Stop,Stop,15,Stop,Stop,Stop,TTTTTTTTTTTTTTTTTTTTTFFFFFFFFFFFFFFFFFFTTFFFFFFFFFFFFFFFFFFTTFFFFFFFFFFFFFFFFFFTTFFFFFFFFFFFFFFFFFFTTTTTTTFFFFFFFFFFFFFTTFFFFFFFFFFFFFFFFFFTTFFFFFFFFFFFFFFFFFFTTFFFFFFFFFFFFFFFFFFTTFFFFFFFFFFFFFFFFFFTTFFFFFFFFFFFFFFFFFFTTFFFFFFFFFFFFFFFFFFTTFFFFFFFFFFFFFFFFFFTTTTTTTTTTTTTTTTTTTTTTFTFTFTFTTTTTTTTTTTTTTTTTTTTTTTTTTTTTTTT,20,16,5,6,5,12,13,6,13,12,True,True,True,True,True,True,True,True,True,FFFFFFFFFFFFFFFFFFFFFFFFFFFFFFFFFFFFFFFFFFFFFFFFFFFFFFFFFFFFFFFFFFFFFFFFFFFFFFFFFFFFFFFFFFFFFFFFFFFFFFFFFFFFFFFFFFFFFFFFFFFFFFFFFFFFFFFFFFFFFFFFFFFFFFFFFFFFFFFFFFFFFFFFFFFFFFFFFFFFFFFFFFFFFFFFFFFFFFFFFFFFFFFFFFFFFFFFFFFFFFFFFFFFFFFFFFFFFFFFFFFFFFFFFFFFFFFFFFFFFFFFFFFFFFFFFFFFFFFFFFFFFFFFFFFFFFFFFFFFFFFFFFFFFFFFFFFFFFFF,26,
15,10,South,Stop,Stop,Stop,Stop,14,Stop,Stop,Stop,TTTTTTTTTTTTTTTTTTTTTFFFFFFFFFFFFFFFFFFTTFFFFFFFFFFFFFFFFFFTTFFFFFFFFFFFFFFFFFFTTFFFFFFFFFFFFFFFFFFTTTTTTTFFFFFFFFFFFFFTTFFFFFFFFFFFFFFFFFFTTFFFFFFFFFFFFFFFFFFTTFFFFFFFFFFFFFFFFFFTTFFFFFFFFFFFFFFFFFFTTFFFFFFFFFFFFFFFFFFTTFFFFFFFFFFFFFFFFFFTTFFFFFFFFFFFFFFFFFFTTTTTTTTTTTTTTTTTTTTTTFTFTFTFTTTTTTTTTTTTTTTTTTTTTTTTTTTTTTTT,20,16,5,6,5,12,13,6,13,12,True,True,True,True,True,True,True,True,True,FFFFFFFFFFFFFFFFFFFFFFFFFFFFFFFFFFFFFFFFFFFFFFFFFFFFFFFFFFFFFFFFFFFFFFFFFFFFFFFFFFFFFFFFFFFFFFFFFFFFFFFFFFFFFFFFFFFFFFFFFFFFFFFFFFFFFFFFFFFFFFFFFFFFFFFFFFFFFFFFFFFFFFFFFFFFFFFFFFFFFFFFFFFFFFFFFFFFFFFFFFFFFFFFFFFFFFFFFFFFFFFFFFFFFFFFFFFFFFFFFFFFFFFFFFFFFFFFFFFFFFFFFFFFFFFFFFFFFFFFFFFFFFFFFFFFFFFFFFFFFFFFFFFFFFFFFFFFFFFF,25,
15,9,South,Stop,Stop,Stop,Stop,13,Stop,Stop,Stop,TTTTTTTTTTTTTTTTTTTTTFFFFFFFFFFFFFFFFFFTTFFFFFFFFFFFFFFFFFFTTFFFFFFFFFFFFFFFFFFTTFFFFFFFFFFFFFFFFFFTTTTTTTFFFFFFFFFFFFFTTFFFFFFFFFFFFFFFFFFTTFFFFFFFFFFFFFFFFFFTTFFFFFFFFFFFFFFFFFFTTFFFFFFFFFFFFFFFFFFTTFFFFFFFFFFFFFFFFFFTTFFFFFFFFFFFFFFFFFFTTFFFFFFFFFFFFFFFFFFTTTTTTTTTTTTTTTTTTTTTTFTFTFTFTTTTTTTTTTTTTTTTTTTTTTTTTTTTTTTT,20,16,5,6,5,12,13,6,13,12,True,True,True,True,True,True,True,True,True,FFFFFFFFFFFFFFFFFFFFFFFFFFFFFFFFFFFFFFFFFFFFFFFFFFFFFFFFFFFFFFFFFFFFFFFFFFFFFFFFFFFFFFFFFFFFFFFFFFFFFFFFFFFFFFFFFFFFFFFFFFFFFFFFFFFFFFFFFFFFFFFFFFFFFFFFFFFFFFFFFFFFFFFFFFFFFFFFFFFFFFFFFFFFFFFFFFFFFFFFFFFFFFFFFFFFFFFFFFFFFFFFFFFFFFFFFFFFFFFFFFFFFFFFFFFFFFFFFFFFFFFFFFFFFFFFFFFFFFFFFFFFFFFFFFFFFFFFFFFFFFFFFFFFFFFFFFFFFFFF,24,
14,9,West,Stop,Stop,Stop,Stop,12,Stop,Stop,Stop,TTTTTTTTTTTTTTTTTTTTTFFFFFFFFFFFFFFFFFFTTFFFFFFFFFFFFFFFFFFTTFFFFFFFFFFFFFFFFFFTTFFFFFFFFFFFFFFFFFFTTTTTTTFFFFFFFFFFFFFTTFFFFFFFFFFFFFFFFFFTTFFFFFFFFFFFFFFFFFFTTFFFFFFFFFFFFFFFFFFTTFFFFFFFFFFFFFFFFFFTTFFFFFFFFFFFFFFFFFFTTFFFFFFFFFFFFFFFFFFTTFFFFFFFFFFFFFFFFFFTTTTTTTTTTTTTTTTTTTTTTFTFTFTFTTTTTTTTTTTTTTTTTTTTTTTTTTTTTTTT,20,16,5,6,5,12,13,6,13,12,True,True,True,True,True,True,True,True,True,FFFFFFFFFFFFFFFFFFFFFFFFFFFFFFFFFFFFFFFFFFFFFFFFFFFFFFFFFFFFFFFFFFFFFFFFFFFFFFFFFFFFFFFFFFFFFFFFFFFFFFFFFFFFFFFFFFFFFFFFFFFFFFFFFFFFFFFFFFFFFFFFFFFFFFFFFFFFFFFFFFFFFFFFFFFFFFFFFFFFFFFFFFFFFFFFFFFFFFFFFFFFFFFFFFFFFFFFFFFFFFFFFFFFFFFFFFFFFFFFFFFFFFFFFFFFFFFFFFFFFFFFFFFFFFFFFFFFFFFFFFFFFFFFFFFFFFFFFFFFFFFFFFFFFFFFFFFFFFFF,23,
13,9,West,Stop,Stop,Stop,Stop,11,Stop,Stop,Stop,TTTTTTTTTTTTTTTTTTTTTFFFFFFFFFFFFFFFFFFTTFFFFFFFFFFFFFFFFFFTTFFFFFFFFFFFFFFFFFFTTFFFFFFFFFFFFFFFFFFTTTTTTTFFFFFFFFFFFFFTTFFFFFFFFFFFFFFFFFFTTFFFFFFFFFFFFFFFFFFTTFFFFFFFFFFFFFFFFFFTTFFFFFFFFFFFFFFFFFFTTFFFFFFFFFFFFFFFFFFTTFFFFFFFFFFFFFFFFFFTTFFFFFFFFFFFFFFFFFFTTTTTTTTTTTTTTTTTTTTTTFTFTFTFTTTTTTTTTTTTTTTTTTTTTTTTTTTTTTTT,20,16,5,6,5,12,13,6,13,12,True,True,True,True,True,True,True,True,True,FFFFFFFFFFFFFFFFFFFFFFFFFFFFFFFFFFFFFFFFFFFFFFFFFFFFFFFFFFFFFFFFFFFFFFFFFFFFFFFFFFFFFFFFFFFFFFFFFFFFFFFFFFFFFFFFFFFFFFFFFFFFFFFFFFFFFFFFFFFFFFFFFFFFFFFFFFFFFFFFFFFFFFFFFFFFFFFFFFFFFFFFFFFFFFFFFFFFFFFFFFFFFFFFFFFFFFFFFFFFFFFFFFFFFFFFFFFFFFFFFFFFFFFFFFFFFFFFFFFFFFFFFFFFFFFFFFFFFFFFFFFFFFFFFFFFFFFFFFFFFFFFFFFFFFFFFFFFFFFF,22,
14,9,East,Stop,Stop,Stop,Stop,12,Stop,Stop,Stop,TTTTTTTTTTTTTTTTTTTTTFFFFFFFFFFFFFFFFFFTTFFFFFFFFFFFFFFFFFFTTFFFFFFFFFFFFFFFFFFTTFFFFFFFFFFFFFFFFFFTTTTTTTFFFFFFFFFFFFFTTFFFFFFFFFFFFFFFFFFTTFFFFFFFFFFFFFFFFFFTTFFFFFFFFFFFFFFFFFFTTFFFFFFFFFFFFFFFFFFTTFFFFFFFFFFFFFFFFFFTTFFFFFFFFFFFFFFFFFFTTFFFFFFFFFFFFFFFFFFTTTTTTTTTTTTTTTTTTTTTTFTFTFTFTTTTTTTTTTTTTTTTTTTTTTTTTTTTTTTT,20,16,5,6,5,12,13,6,13,12,True,True,True,True,True,True,True,True,True,FFFFFFFFFFFFFFFFFFFFFFFFFFFFFFFFFFFFFFFFFFFFFFFFFFFFFFFFFFFFFFFFFFFFFFFFFFFFFFFFFFFFFFFFFFFFFFFFFFFFFFFFFFFFFFFFFFFFFFFFFFFFFFFFFFFFFFFFFFFFFFFFFFFFFFFFFFFFFFFFFFFFFFFFFFFFFFFFFFFFFFFFFFFFFFFFFFFFFFFFFFFFFFFFFFFFFFFFFFFFFFFFFFFFFFFFFFFFFFFFFFFFFFFFFFFFFFFFFFFFFFFFFFFFFFFFFFFFFFFFFFFFFFFFFFFFFFFFFFFFFFFFFFFFFFFFFFFFFFFF,21,
14,8,South,Stop,Stop,Stop,Stop,11,Stop,Stop,Stop,TTTTTTTTTTTTTTTTTTTTTFFFFFFFFFFFFFFFFFFTTFFFFFFFFFFFFFFFFFFTTFFFFFFFFFFFFFFFFFFTTFFFFFFFFFFFFFFFFFFTTTTTTTFFFFFFFFFFFFFTTFFFFFFFFFFFFFFFFFFTTFFFFFFFFFFFFFFFFFFTTFFFFFFFFFFFFFFFFFFTTFFFFFFFFFFFFFFFFFFTTFFFFFFFFFFFFFFFFFFTTFFFFFFFFFFFFFFFFFFTTFFFFFFFFFFFFFFFFFFTTTTTTTTTTTTTTTTTTTTTTFTFTFTFTTTTTTTTTTTTTTTTTTTTTTTTTTTTTTTT,20,16,5,6,5,12,13,6,13,12,True,True,True,True,True,True,True,True,True,FFFFFFFFFFFFFFFFFFFFFFFFFFFFFFFFFFFFFFFFFFFFFFFFFFFFFFFFFFFFFFFFFFFFFFFFFFFFFFFFFFFFFFFFFFFFFFFFFFFFFFFFFFFFFFFFFFFFFFFFFFFFFFFFFFFFFFFFFFFFFFFFFFFFFFFFFFFFFFFFFFFFFFFFFFFFFFFFFFFFFFFFFFFFFFFFFFFFFFFFFFFFFFFFFFFFFFFFFFFFFFFFFFFFFFFFFFFFFFFFFFFFFFFFFFFFFFFFFFFFFFFFFFFFFFFFFFFFFFFFFFFFFFFFFFFFFFFFFFFFFFFFFFFFFFFFFFFFFFFF,20,
14,7,South,Stop,Stop,Stop,Stop,10,Stop,Stop,Stop,TTTTTTTTTTTTTTTTTTTTTFFFFFFFFFFFFFFFFFFTTFFFFFFFFFFFFFFFFFFTTFFFFFFFFFFFFFFFFFFTTFFFFFFFFFFFFFFFFFFTTTTTTTFFFFFFFFFFFFFTTFFFFFFFFFFFFFFFFFFTTFFFFFFFFFFFFFFFFFFTTFFFFFFFFFFFFFFFFFFTTFFFFFFFFFFFFFFFFFFTTFFFFFFFFFFFFFFFFFFTTFFFFFFFFFFFFFFFFFFTTFFFFFFFFFFFFFFFFFFTTTTTTTTTTTTTTTTTTTTTTFTFTFTFTTTTTTTTTTTTTTTTTTTTTTTTTTTTTTTT,20,16,5,6,5,12,13,6,13,12,True,True,True,True,True,True,True,True,True,FFFFFFFFFFFFFFFFFFFFFFFFFFFFFFFFFFFFFFFFFFFFFFFFFFFFFFFFFFFFFFFFFFFFFFFFFFFFFFFFFFFFFFFFFFFFFFFFFFFFFFFFFFFFFFFFFFFFFFFFFFFFFFFFFFFFFFFFFFFFFFFFFFFFFFFFFFFFFFFFFFFFFFFFFFFFFFFFFFFFFFFFFFFFFFFFFFFFFFFFFFFFFFFFFFFFFFFFFFFFFFFFFFFFFFFFFFFFFFFFFFFFFFFFFFFFFFFFFFFFFFFFFFFFFFFFFFFFFFFFFFFFFFFFFFFFFFFFFFFFFFFFFFFFFFFFFFFFFFFF,19,
14,6,South,Stop,Stop,Stop,Stop,9,Stop,Stop,Stop,TTTTTTTTTTTTTTTTTTTTTFFFFFFFFFFFFFFFFFFTTFFFFFFFFFFFFFFFFFFTTFFFFFFFFFFFFFFFFFFTTFFFFFFFFFFFFFFFFFFTTTTTTTFFFFFFFFFFFFFTTFFFFFFFFFFFFFFFFFFTTFFFFFFFFFFFFFFFFFFTTFFFFFFFFFFFFFFFFFFTTFFFFFFFFFFFFFFFFFFTTFFFFFFFFFFFFFFFFFFTTFFFFFFFFFFFFFFFFFFTTFFFFFFFFFFFFFFFFFFTTTTTTTTTTTTTTTTTTTTTTFTFTFTFTTTTTTTTTTTTTTTTTTTTTTTTTTTTTTTT,20,16,5,6,5,12,13,6,13,12,True,True,True,True,True,True,True,True,True,FFFFFFFFFFFFFFFFFFFFFFFFFFFFFFFFFFFFFFFFFFFFFFFFFFFFFFFFFFFFFFFFFFFFFFFFFFFFFFFFFFFFFFFFFFFFFFFFFFFFFFFFFFFFFFFFFFFFFFFFFFFFFFFFFFFFFFFFFFFFFFFFFFFFFFFFFFFFFFFFFFFFFFFFFFFFFFFFFFFFFFFFFFFFFFFFFFFFFFFFFFFFFFFFFFFFFFFFFFFFFFFFFFFFFFFFFFFFFFFFFFFFFFFFFFFFFFFFFFFFFFFFFFFFFFFFFFFFFFFFFFFFFFFFFFFFFFFFFFFFFFFFFFFFFFFFFFFFFFFF,18,
15,6,East,Stop,Stop,Stop,Stop,10,Stop,Stop,Stop,TTTTTTTTTTTTTTTTTTTTTFFFFFFFFFFFFFFFFFFTTFFFFFFFFFFFFFFFFFFTTFFFFFFFFFFFFFFFFFFTTFFFFFFFFFFFFFFFFFFTTTTTTTFFFFFFFFFFFFFTTFFFFFFFFFFFFFFFFFFTTFFFFFFFFFFFFFFFFFFTTFFFFFFFFFFFFFFFFFFTTFFFFFFFFFFFFFFFFFFTTFFFFFFFFFFFFFFFFFFTTFFFFFFFFFFFFFFFFFFTTFFFFFFFFFFFFFFFFFFTTTTTTTTTTTTTTTTTTTTTTFTFTFTFTTTTTTTTTTTTTTTTTTTTTTTTTTTTTTTT,20,16,5,6,5,12,13,6,13,12,True,True,True,True,True,True,True,True,True,FFFFFFFFFFFFFFFFFFFFFFFFFFFFFFFFFFFFFFFFFFFFFFFFFFFFFFFFFFFFFFFFFFFFFFFFFFFFFFFFFFFFFFFFFFFFFFFFFFFFFFFFFFFFFFFFFFFFFFFFFFFFFFFFFFFFFFFFFFFFFFFFFFFFFFFFFFFFFFFFFFFFFFFFFFFFFFFFFFFFFFFFFFFFFFFFFFFFFFFFFFFFFFFFFFFFFFFFFFFFFFFFFFFFFFFFFFFFFFFFFFFFFFFFFFFFFFFFFFFFFFFFFFFFFFFFFFFFFFFFFFFFFFFFFFFFFFFFFFFFFFFFFFFFFFFFFFFFFFFF,17,
15,7,North,Stop,Stop,Stop,Stop,11,Stop,Stop,Stop,TTTTTTTTTTTTTTTTTTTTTFFFFFFFFFFFFFFFFFFTTFFFFFFFFFFFFFFFFFFTTFFFFFFFFFFFFFFFFFFTTFFFFFFFFFFFFFFFFFFTTTTTTTFFFFFFFFFFFFFTTFFFFFFFFFFFFFFFFFFTTFFFFFFFFFFFFFFFFFFTTFFFFFFFFFFFFFFFFFFTTFFFFFFFFFFFFFFFFFFTTFFFFFFFFFFFFFFFFFFTTFFFFFFFFFFFFFFFFFFTTFFFFFFFFFFFFFFFFFFTTTTTTTTTTTTTTTTTTTTTTFTFTFTFTTTTTTTTTTTTTTTTTTTTTTTTTTTTTTTT,20,16,5,6,5,12,13,6,13,12,True,True,True,True,True,True,True,True,True,FFFFFFFFFFFFFFFFFFFFFFFFFFFFFFFFFFFFFFFFFFFFFFFFFFFFFFFFFFFFFFFFFFFFFFFFFFFFFFFFFFFFFFFFFFFFFFFFFFFFFFFFFFFFFFFFFFFFFFFFFFFFFFFFFFFFFFFFFFFFFFFFFFFFFFFFFFFFFFFFFFFFFFFFFFFFFFFFFFFFFFFFFFFFFFFFFFFFFFFFFFFFFFFFFFFFFFFFFFFFFFFFFFFFFFFFFFFFFFFFFFFFFFFFFFFFFFFFFFFFFFFFFFFFFFFFFFFFFFFFFFFFFFFFFFFFFFFFFFFFFFFFFFFFFFFFFFFFFFFF,16,
15,8,North,Stop,Stop,Stop,Stop,12,Stop,Stop,Stop,TTTTTTTTTTTTTTTTTTTTTFFFFFFFFFFFFFFFFFFTTFFFFFFFFFFFFFFFFFFTTFFFFFFFFFFFFFFFFFFTTFFFFFFFFFFFFFFFFFFTTTTTTTFFFFFFFFFFFFFTTFFFFFFFFFFFFFFFFFFTTFFFFFFFFFFFFFFFFFFTTFFFFFFFFFFFFFFFFFFTTFFFFFFFFFFFFFFFFFFTTFFFFFFFFFFFFFFFFFFTTFFFFFFFFFFFFFFFFFFTTFFFFFFFFFFFFFFFFFFTTTTTTTTTTTTTTTTTTTTTTFTFTFTFTTTTTTTTTTTTTTTTTTTTTTTTTTTTTTTT,20,16,5,6,5,12,13,6,13,12,True,True,True,True,True,True,True,True,True,FFFFFFFFFFFFFFFFFFFFFFFFFFFFFFFFFFFFFFFFFFFFFFFFFFFFFFFFFFFFFFFFFFFFFFFFFFFFFFFFFFFFFFFFFFFFFFFFFFFFFFFFFFFFFFFFFFFFFFFFFFFFFFFFFFFFFFFFFFFFFFFFFFFFFFFFFFFFFFFFFFFFFFFFFFFFFFFFFFFFFFFFFFFFFFFFFFFFFFFFFFFFFFFFFFFFFFFFFFFFFFFFFFFFFFFFFFFFFFFFFFFFFFFFFFFFFFFFFFFFFFFFFFFFFFFFFFFFFFFFFFFFFFFFFFFFFFFFFFFFFFFFFFFFFFFFFFFFFFFF,15,
16,8,East,Stop,Stop,Stop,Stop,13,Stop,Stop,Stop,TTTTTTTTTTTTTTTTTTTTTFFFFFFFFFFFFFFFFFFTTFFFFFFFFFFFFFFFFFFTTFFFFFFFFFFFFFFFFFFTTFFFFFFFFFFFFFFFFFFTTTTTTTFFFFFFFFFFFFFTTFFFFFFFFFFFFFFFFFFTTFFFFFFFFFFFFFFFFFFTTFFFFFFFFFFFFFFFFFFTTFFFFFFFFFFFFFFFFFFTTFFFFFFFFFFFFFFFFFFTTFFFFFFFFFFFFFFFFFFTTFFFFFFFFFFFFFFFFFFTTTTTTTTTTTTTTTTTTTTTTFTFTFTFTTTTTTTTTTTTTTTTTTTTTTTTTTTTTTTT,20,16,5,6,5,12,13,6,13,12,True,True,True,True,True,True,True,True,True,FFFFFFFFFFFFFFFFFFFFFFFFFFFFFFFFFFFFFFFFFFFFFFFFFFFFFFFFFFFFFFFFFFFFFFFFFFFFFFFFFFFFFFFFFFFFFFFFFFFFFFFFFFFFFFFFFFFFFFFFFFFFFFFFFFFFFFFFFFFFFFFFFFFFFFFFFFFFFFFFFFFFFFFFFFFFFFFFFFFFFFFFFFFFFFFFFFFFFFFFFFFFFFFFFFFFFFFFFFFFFFFFFFFFFFFFFFFFFFFFFFFFFFFFFFFFFFFFFFFFFFFFFFFFFFFFFFFFFFFFFFFFFFFFFFFFFFFFFFFFFFFFFFFFFFFFFFFFFFFF,14,
16,7,South,Stop,Stop,Stop,Stop,12,Stop,Stop,Stop,TTTTTTTTTTTTTTTTTTTTTFFFFFFFFFFFFFFFFFFTTFFFFFFFFFFFFFFFFFFTTFFFFFFFFFFFFFFFFFFTTFFFFFFFFFFFFFFFFFFTTTTTTTFFFFFFFFFFFFFTTFFFFFFFFFFFFFFFFFFTTFFFFFFFFFFFFFFFFFFTTFFFFFFFFFFFFFFFFFFTTFFFFFFFFFFFFFFFFFFTTFFFFFFFFFFFFFFFFFFTTFFFFFFFFFFFFFFFFFFTTFFFFFFFFFFFFFFFFFFTTTTTTTTTTTTTTTTTTTTTTFTFTFTFTTTTTTTTTTTTTTTTTTTTTTTTTTTTTTTT,20,16,5,6,5,12,13,6,13,12,True,True,True,True,True,True,True,True,True,FFFFFFFFFFFFFFFFFFFFFFFFFFFFFFFFFFFFFFFFFFFFFFFFFFFFFFFFFFFFFFFFFFFFFFFFFFFFFFFFFFFFFFFFFFFFFFFFFFFFFFFFFFFFFFFFFFFFFFFFFFFFFFFFFFFFFFFFFFFFFFFFFFFFFFFFFFFFFFFFFFFFFFFFFFFFFFFFFFFFFFFFFFFFFFFFFFFFFFFFFFFFFFFFFFFFFFFFFFFFFFFFFFFFFFFFFFFFFFFFFFFFFFFFFFFFFFFFFFFFFFFFFFFFFFFFFFFFFFFFFFFFFFFFFFFFFFFFFFFFFFFFFFFFFFFFFFFFFFFF,13,
15,7,West,Stop,Stop,Stop,Stop,11,Stop,Stop,Stop,TTTTTTTTTTTTTTTTTTTTTFFFFFFFFFFFFFFFFFFTTFFFFFFFFFFFFFFFFFFTTFFFFFFFFFFFFFFFFFFTTFFFFFFFFFFFFFFFFFFTTTTTTTFFFFFFFFFFFFFTTFFFFFFFFFFFFFFFFFFTTFFFFFFFFFFFFFFFFFFTTFFFFFFFFFFFFFFFFFFTTFFFFFFFFFFFFFFFFFFTTFFFFFFFFFFFFFFFFFFTTFFFFFFFFFFFFFFFFFFTTFFFFFFFFFFFFFFFFFFTTTTTTTTTTTTTTTTTTTTTTFTFTFTFTTTTTTTTTTTTTTTTTTTTTTTTTTTTTTTT,20,16,5,6,5,12,13,6,13,12,True,True,True,True,True,True,True,True,True,FFFFFFFFFFFFFFFFFFFFFFFFFFFFFFFFFFFFFFFFFFFFFFFFFFFFFFFFFFFFFFFFFFFFFFFFFFFFFFFFFFFFFFFFFFFFFFFFFFFFFFFFFFFFFFFFFFFFFFFFFFFFFFFFFFFFFFFFFFFFFFFFFFFFFFFFFFFFFFFFFFFFFFFFFFFFFFFFFFFFFFFFFFFFFFFFFFFFFFFFFFFFFFFFFFFFFFFFFFFFFFFFFFFFFFFFFFFFFFFFFFFFFFFFFFFFFFFFFFFFFFFFFFFFFFFFFFFFFFFFFFFFFFFFFFFFFFFFFFFFFFFFFFFFFFFFFFFFFFFF,12,
16,7,East,Stop,Stop,Stop,Stop,12,Stop,Stop,Stop,TTTTTTTTTTTTTTTTTTTTTFFFFFFFFFFFFFFFFFFTTFFFFFFFFFFFFFFFFFFTTFFFFFFFFFFFFFFFFFFTTFFFFFFFFFFFFFFFFFFTTTTTTTFFFFFFFFFFFFFTTFFFFFFFFFFFFFFFFFFTTFFFFFFFFFFFFFFFFFFTTFFFFFFFFFFFFFFFFFFTTFFFFFFFFFFFFFFFFFFTTFFFFFFFFFFFFFFFFFFTTFFFFFFFFFFFFFFFFFFTTFFFFFFFFFFFFFFFFFFTTTTTTTTTTTTTTTTTTTTTTFTFTFTFTTTTTTTTTTTTTTTTTTTTTTTTTTTTTTTT,20,16,5,6,5,12,13,6,13,12,True,True,True,True,True,True,True,True,True,FFFFFFFFFFFFFFFFFFFFFFFFFFFFFFFFFFFFFFFFFFFFFFFFFFFFFFFFFFFFFFFFFFFFFFFFFFFFFFFFFFFFFFFFFFFFFFFFFFFFFFFFFFFFFFFFFFFFFFFFFFFFFFFFFFFFFFFFFFFFFFFFFFFFFFFFFFFFFFFFFFFFFFFFFFFFFFFFFFFFFFFFFFFFFFFFFFFFFFFFFFFFFFFFFFFFFFFFFFFFFFFFFFFFFFFFFFFFFFFFFFFFFFFFFFFFFFFFFFFFFFFFFFFFFFFFFFFFFFFFFFFFFFFFFFFFFFFFFFFFFFFFFFFFFFFFFFFFFFFF,11,
15,7,West,Stop,Stop,Stop,Stop,11,Stop,Stop,Stop,TTTTTTTTTTTTTTTTTTTTTFFFFFFFFFFFFFFFFFFTTFFFFFFFFFFFFFFFFFFTTFFFFFFFFFFFFFFFFFFTTFFFFFFFFFFFFFFFFFFTTTTTTTFFFFFFFFFFFFFTTFFFFFFFFFFFFFFFFFFTTFFFFFFFFFFFFFFFFFFTTFFFFFFFFFFFFFFFFFFTTFFFFFFFFFFFFFFFFFFTTFFFFFFFFFFFFFFFFFFTTFFFFFFFFFFFFFFFFFFTTFFFFFFFFFFFFFFFFFFTTTTTTTTTTTTTTTTTTTTTTFTFTFTFTTTTTTTTTTTTTTTTTTTTTTTTTTTTTTTT,20,16,5,6,5,12,13,6,13,12,True,True,True,True,True,True,True,True,True,FFFFFFFFFFFFFFFFFFFFFFFFFFFFFFFFFFFFFFFFFFFFFFFFFFFFFFFFFFFFFFFFFFFFFFFFFFFFFFFFFFFFFFFFFFFFFFFFFFFFFFFFFFFFFFFFFFFFFFFFFFFFFFFFFFFFFFFFFFFFFFFFFFFFFFFFFFFFFFFFFFFFFFFFFFFFFFFFFFFFFFFFFFFFFFFFFFFFFFFFFFFFFFFFFFFFFFFFFFFFFFFFFFFFFFFFFFFFFFFFFFFFFFFFFFFFFFFFFFFFFFFFFFFFFFFFFFFFFFFFFFFFFFFFFFFFFFFFFFFFFFFFFFFFFFFFFFFFFFFF,10,
14,7,West,Stop,Stop,Stop,Stop,10,Stop,Stop,Stop,TTTTTTTTTTTTTTTTTTTTTFFFFFFFFFFFFFFFFFFTTFFFFFFFFFFFFFFFFFFTTFFFFFFFFFFFFFFFFFFTTFFFFFFFFFFFFFFFFFFTTTTTTTFFFFFFFFFFFFFTTFFFFFFFFFFFFFFFFFFTTFFFFFFFFFFFFFFFFFFTTFFFFFFFFFFFFFFFFFFTTFFFFFFFFFFFFFFFFFFTTFFFFFFFFFFFFFFFFFFTTFFFFFFFFFFFFFFFFFFTTFFFFFFFFFFFFFFFFFFTTTTTTTTTTTTTTTTTTTTTTFTFTFTFTTTTTTTTTTTTTTTTTTTTTTTTTTTTTTTT,20,16,5,6,5,12,13,6,13,12,True,True,True,True,True,True,True,True,True,FFFFFFFFFFFFFFFFFFFFFFFFFFFFFFFFFFFFFFFFFFFFFFFFFFFFFFFFFFFFFFFFFFFFFFFFFFFFFFFFFFFFFFFFFFFFFFFFFFFFFFFFFFFFFFFFFFFFFFFFFFFFFFFFFFFFFFFFFFFFFFFFFFFFFFFFFFFFFFFFFFFFFFFFFFFFFFFFFFFFFFFFFFFFFFFFFFFFFFFFFFFFFFFFFFFFFFFFFFFFFFFFFFFFFFFFFFFFFFFFFFFFFFFFFFFFFFFFFFFFFFFFFFFFFFFFFFFFFFFFFFFFFFFFFFFFFFFFFFFFFFFFFFFFFFFFFFFFFFFF,9,
